Year,Date,District,Crop,Season,Rainfall_mm,Soil_Moisture_Percent,Area_hectare,Production_tonnes,Yield_tonnes_per_hectare
2026,2026-08-19,Ahmednagar,Maize,Kharif,23.8,34.04,97529,265278.88,2.72
2026,2026-08-20,Ahmednagar,Maize,Kharif,28.1,32.83,97529,265278.88,2.72
2026,2026-08-21,Ahmednagar,Maize,Kharif,25.1,34.34,97529,265278.88,2.72
2026,2026-08-22,Ahmednagar,Maize,Kharif,25.8,32.69,97529,265278.88,2.72
2026,2026-08-23,Ahmednagar,Maize,Kharif,34.6,33.5,97529,265278.88,2.72
2026,2026-08-24,Ahmednagar,Maize,Kharif,22.9,29.6,97529,265278.88,2.72
2026,2026-08-25,Ahmednagar,Maize,Kharif,1.7,30.75,97529,265278.88,2.72
2026,2026-08-26,Ahmednagar,Maize,Kharif,31.8,31.17,97529,265278.88,2.72
2026,2026-08-27,Ahmednagar,Maize,Kharif,17.0,29.96,97529,265278.88,2.72
2026,2026-08-28,Ahmednagar,Maize,Kharif,25.6,30.93,97529,265278.88,2.72
2026,2026-08-29,Ahmednagar,Maize,Kharif,46.9,30.19,97529,265278.88,2.72
2026,2026-08-30,Ahmednagar,Maize,Kharif,26.9,31.31,97529,265278.88,2.72
2026,2026-08-31,Ahmednagar,Maize,Kharif,34.6,33.51,97529,265278.88,2.72
2026,2026-09-01,Ahmednagar,Maize,Kharif,0.3,31.93,97529,265278.88,2.72
2026,2026-09-02,Ahmednagar,Maize,Kharif,29.6,32.02,97529,265278.88,2.72
2026,2026-09-03,Ahmednagar,Maize,Kharif,28.5,31.11,97529,265278.88,2.72
2026,2026-08-19,Ahmednagar,Soybean,Kharif,20.1,34.04,190303,234072.69,1.23
2026,2026-08-20,Ahmednagar,Soybean,Kharif,21.8,32.83,190303,234072.69,1.23
2026,2026-08-21,Ahmednagar,Soybean,Kharif,29.9,34.34,190303,234072.69,1.23
2026,2026-08-22,Ahmednagar,Soybean,Kharif,35.8,32.69,190303,234072.69,1.23
2026,2026-08-23,Ahmednagar,Soybean,Kharif,1.6,33.5,190303,234072.69,1.23
2026,2026-08-24,Ahmednagar,Soybean,Kharif,10.2,29.6,190303,234072.69,1.23
2026,2026-08-25,Ahmednagar,Soybean,Kharif,40.2,30.75,190303,234072.69,1.23
2026,2026-08-26,Ahmednagar,Soybean,Kharif,11.9,31.17,190303,234072.69,1.23
2026,2026-08-27,Ahmednagar,Soybean,Kharif,23.0,29.96,190303,234072.69,1.23
2026,2026-08-28,Ahmednagar,Soybean,Kharif,0.0,30.93,190303,234072.69,1.23
2026,2026-08-29,Ahmednagar,Soybean,Kharif,24.4,30.19,190303,234072.69,1.23
2026,2026-08-30,Ahmednagar,Soybean,Kharif,18.8,31.31,190303,234072.69,1.23
2026,2026-08-31,Ahmednagar,Soybean,Kharif,25.9,33.51,190303,234072.69,1.23
2026,2026-09-01,Ahmednagar,Soybean,Kharif,8.6,31.93,190303,234072.69,1.23
2026,2026-09-02,Ahmednagar,Soybean,Kharif,54.7,32.02,190303,234072.69,1.23
2026,2026-09-03,Ahmednagar,Soybean,Kharif,23.8,31.11,190303,234072.69,1.23
2026,2026-08-19,Ahmednagar,Cotton,Kharif,45.6,34.04,319727,150271.69,0.47
2026,2026-08-20,Ahmednagar,Cotton,Kharif,7.7,32.83,319727,150271.69,0.47
2026,2026-08-21,Ahmednagar,Cotton,Kharif,4.2,34.34,319727,150271.69,0.47
2026,2026-08-22,Ahmednagar,Cotton,Kharif,0.3,32.69,319727,150271.69,0.47
2026,2026-08-23,Ahmednagar,Cotton,Kharif,18.2,33.5,319727,150271.69,0.47
2026,2026-08-24,Ahmednagar,Cotton,Kharif,7.8,29.6,319727,150271.69,0.47
2026,2026-08-25,Ahmednagar,Cotton,Kharif,1.4,30.75,319727,150271.69,0.47
2026,2026-08-26,Ahmednagar,Cotton,Kharif,27.0,31.17,319727,150271.69,0.47
2026,2026-08-27,Ahmednagar,Cotton,Kharif,14.9,29.96,319727,150271.69,0.47
2026,2026-08-28,Ahmednagar,Cotton,Kharif,0.1,30.93,319727,150271.69,0.47
2026,2026-08-29,Ahmednagar,Cotton,Kharif,15.6,30.19,319727,150271.69,0.47
2026,2026-08-30,Ahmednagar,Cotton,Kharif,1.9,31.31,319727,150271.69,0.47
2026,2026-08-31,Ahmednagar,Cotton,Kharif,23.7,33.51,319727,150271.69,0.47
2026,2026-09-01,Ahmednagar,Cotton,Kharif,48.2,31.93,319727,150271.69,0.47
2026,2026-09-02,Ahmednagar,Cotton,Kharif,8.6,32.02,319727,150271.69,0.47
2026,2026-09-03,Ahmednagar,Cotton,Kharif,31.2,31.11,319727,150271.69,0.47
2026,2026-08-19,Ahmednagar,Sugarcane,Kharif,17.8,34.04,86471,6505213.33,75.23
2026,2026-08-20,Ahmednagar,Sugarcane,Kharif,39.5,32.83,86471,6505213.33,75.23
2026,2026-08-21,Ahmednagar,Sugarcane,Kharif,8.2,34.34,86471,6505213.33,75.23
2026,2026-08-22,Ahmednagar,Sugarcane,Kharif,0.7,32.69,86471,6505213.33,75.23
2026,2026-08-23,Ahmednagar,Sugarcane,Kharif,7.4,33.5,86471,6505213.33,75.23
2026,2026-08-24,Ahmednagar,Sugarcane,Kharif,18.9,29.6,86471,6505213.33,75.23
2026,2026-08-25,Ahmednagar,Sugarcane,Kharif,8.8,30.75,86471,6505213.33,75.23
2026,2026-08-26,Ahmednagar,Sugarcane,Kharif,28.2,31.17,86471,6505213.33,75.23
2026,2026-08-27,Ahmednagar,Sugarcane,Kharif,9.5,29.96,86471,6505213.33,75.23
2026,2026-08-28,Ahmednagar,Sugarcane,Kharif,11.6,30.93,86471,6505213.33,75.23
2026,2026-08-29,Ahmednagar,Sugarcane,Kharif,45.1,30.19,86471,6505213.33,75.23
2026,2026-08-30,Ahmednagar,Sugarcane,Kharif,20.9,31.31,86471,6505213.33,75.23
2026,2026-08-31,Ahmednagar,Sugarcane,Kharif,51.4,33.51,86471,6505213.33,75.23
2026,2026-09-01,Ahmednagar,Sugarcane,Kharif,10.0,31.93,86471,6505213.33,75.23
2026,2026-09-02,Ahmednagar,Sugarcane,Kharif,17.1,32.02,86471,6505213.33,75.23
2026,2026-09-03,Ahmednagar,Sugarcane,Kharif,4.9,31.11,86471,6505213.33,75.23
2026,2026-08-19,Akola,Maize,Kharif,0.0,21.17,85783,233329.76,2.72
2026,2026-08-20,Akola,Maize,Kharif,46.0,19.21,85783,233329.76,2.72
2026,2026-08-21,Akola,Maize,Kharif,24.6,18.74,85783,233329.76,2.72
2026,2026-08-22,Akola,Maize,Kharif,23.9,15.88,85783,233329.76,2.72
2026,2026-08-23,Akola,Maize,Kharif,14.6,18.99,85783,233329.76,2.72
2026,2026-08-24,Akola,Maize,Kharif,17.6,15.37,85783,233329.76,2.72
2026,2026-08-25,Akola,Maize,Kharif,2.0,16.43,85783,233329.76,2.72
2026,2026-08-26,Akola,Maize,Kharif,46.5,19.86,85783,233329.76,2.72
2026,2026-08-27,Akola,Maize,Kharif,1.7,17.53,85783,233329.76,2.72
2026,2026-08-28,Akola,Maize,Kharif,7.1,16.79,85783,233329.76,2.72
2026,2026-08-29,Akola,Maize,Kharif,0.0,17.33,85783,233329.76,2.72
2026,2026-08-30,Akola,Maize,Kharif,15.0,18.04,85783,233329.76,2.72
2026,2026-08-31,Akola,Maize,Kharif,8.3,17.41,85783,233329.76,2.72
2026,2026-09-01,Akola,Maize,Kharif,17.5,13.9,85783,233329.76,2.72
2026,2026-09-02,Akola,Maize,Kharif,56.6,12.48,85783,233329.76,2.72
2026,2026-09-03,Akola,Maize,Kharif,4.6,13.95,85783,233329.76,2.72
2026,2026-08-19,Akola,Soybean,Kharif,29.5,21.17,182860,237718.0,1.3
2026,2026-08-20,Akola,Soybean,Kharif,17.0,19.21,182860,237718.0,1.3
2026,2026-08-21,Akola,Soybean,Kharif,17.6,18.74,182860,237718.0,1.3
2026,2026-08-22,Akola,Soybean,Kharif,47.2,15.88,182860,237718.0,1.3
2026,2026-08-23,Akola,Soybean,Kharif,1.1,18.99,182860,237718.0,1.3
2026,2026-08-24,Akola,Soybean,Kharif,30.9,15.37,182860,237718.0,1.3
2026,2026-08-25,Akola,Soybean,Kharif,12.3,16.43,182860,237718.0,1.3
2026,2026-08-26,Akola,Soybean,Kharif,18.4,19.86,182860,237718.0,1.3
2026,2026-08-27,Akola,Soybean,Kharif,17.4,17.53,182860,237718.0,1.3
2026,2026-08-28,Akola,Soybean,Kharif,10.9,16.79,182860,237718.0,1.3
2026,2026-08-29,Akola,Soybean,Kharif,33.5,17.33,182860,237718.0,1.3
2026,2026-08-30,Akola,Soybean,Kharif,24.4,18.04,182860,237718.0,1.3
2026,2026-08-31,Akola,Soybean,Kharif,11.9,17.41,182860,237718.0,1.3
2026,2026-09-01,Akola,Soybean,Kharif,28.6,13.9,182860,237718.0,1.3
2026,2026-09-02,Akola,Soybean,Kharif,47.4,12.48,182860,237718.0,1.3
2026,2026-09-03,Akola,Soybean,Kharif,1.0,13.95,182860,237718.0,1.3
2026,2026-08-19,Akola,Cotton,Kharif,56.9,21.17,200458,84192.36,0.42
2026,2026-08-20,Akola,Cotton,Kharif,8.1,19.21,200458,84192.36,0.42
2026,2026-08-21,Akola,Cotton,Kharif,15.4,18.74,200458,84192.36,0.42
2026,2026-08-22,Akola,Cotton,Kharif,14.2,15.88,200458,84192.36,0.42
2026,2026-08-23,Akola,Cotton,Kharif,13.0,18.99,200458,84192.36,0.42
2026,2026-08-24,Akola,Cotton,Kharif,43.5,15.37,200458,84192.36,0.42
2026,2026-08-25,Akola,Cotton,Kharif,7.6,16.43,200458,84192.36,0.42
2026,2026-08-26,Akola,Cotton,Kharif,56.5,19.86,200458,84192.36,0.42
2026,2026-08-27,Akola,Cotton,Kharif,4.2,17.53,200458,84192.36,0.42
2026,2026-08-28,Akola,Cotton,Kharif,14.2,16.79,200458,84192.36,0.42
2026,2026-08-29,Akola,Cotton,Kharif,35.9,17.33,200458,84192.36,0.42
2026,2026-08-30,Akola,Cotton,Kharif,1.3,18.04,200458,84192.36,0.42
2026,2026-08-31,Akola,Cotton,Kharif,59.9,17.41,200458,84192.36,0.42
2026,2026-09-01,Akola,Cotton,Kharif,3.6,13.9,200458,84192.36,0.42
2026,2026-09-02,Akola,Cotton,Kharif,26.0,12.48,200458,84192.36,0.42
2026,2026-09-03,Akola,Cotton,Kharif,46.1,13.95,200458,84192.36,0.42
2026,2026-08-19,Akola,Sugarcane,Kharif,36.1,21.17,76295,6312648.3,82.74
2026,2026-08-20,Akola,Sugarcane,Kharif,25.5,19.21,76295,6312648.3,82.74
2026,2026-08-21,Akola,Sugarcane,Kharif,15.7,18.74,76295,6312648.3,82.74
2026,2026-08-22,Akola,Sugarcane,Kharif,22.1,15.88,76295,6312648.3,82.74
2026,2026-08-23,Akola,Sugarcane,Kharif,20.2,18.99,76295,6312648.3,82.74
2026,2026-08-24,Akola,Sugarcane,Kharif,1.7,15.37,76295,6312648.3,82.74
2026,2026-08-25,Akola,Sugarcane,Kharif,14.2,16.43,76295,6312648.3,82.74
2026,2026-08-26,Akola,Sugarcane,Kharif,22.7,19.86,76295,6312648.3,82.74
2026,2026-08-27,Akola,Sugarcane,Kharif,16.6,17.53,76295,6312648.3,82.74
2026,2026-08-28,Akola,Sugarcane,Kharif,18.8,16.79,76295,6312648.3,82.74
2026,2026-08-29,Akola,Sugarcane,Kharif,20.0,17.33,76295,6312648.3,82.74
2026,2026-08-30,Akola,Sugarcane,Kharif,51.9,18.04,76295,6312648.3,82.74
2026,2026-08-31,Akola,Sugarcane,Kharif,12.0,17.41,76295,6312648.3,82.74
2026,2026-09-01,Akola,Sugarcane,Kharif,21.5,13.9,76295,6312648.3,82.74
2026,2026-09-02,Akola,Sugarcane,Kharif,13.5,12.48,76295,6312648.3,82.74
2026,2026-09-03,Akola,Sugarcane,Kharif,21.7,13.95,76295,6312648.3,82.74
2026,2026-08-19,Amravati,Maize,Kharif,3.1,22.32,74903,228454.15,3.05
2026,2026-08-20,Amravati,Maize,Kharif,9.6,26.48,74903,228454.15,3.05
2026,2026-08-21,Amravati,Maize,Kharif,15.7,25.84,74903,228454.15,3.05
2026,2026-08-22,Amravati,Maize,Kharif,51.5,22.24,74903,228454.15,3.05
2026,2026-08-23,Amravati,Maize,Kharif,8.7,24.05,74903,228454.15,3.05
2026,2026-08-24,Amravati,Maize,Kharif,3.8,22.26,74903,228454.15,3.05
2026,2026-08-25,Amravati,Maize,Kharif,1.2,25.14,74903,228454.15,3.05
2026,2026-08-26,Amravati,Maize,Kharif,0.0,22.18,74903,228454.15,3.05
2026,2026-08-27,Amravati,Maize,Kharif,42.2,20.78,74903,228454.15,3.05
2026,2026-08-28,Amravati,Maize,Kharif,3.2,20.44,74903,228454.15,3.05
2026,2026-08-29,Amravati,Maize,Kharif,4.3,22.1,74903,228454.15,3.05
2026,2026-08-30,Amravati,Maize,Kharif,3.4,20.07,74903,228454.15,3.05
2026,2026-08-31,Amravati,Maize,Kharif,0.0,21.77,74903,228454.15,3.05
2026,2026-09-01,Amravati,Maize,Kharif,0.0,23.42,74903,228454.15,3.05
2026,2026-09-02,Amravati,Maize,Kharif,0.0,20.2,74903,228454.15,3.05
2026,2026-09-03,Amravati,Maize,Kharif,0.0,18.88,74903,228454.15,3.05
2026,2026-08-19,Amravati,Soybean,Kharif,0.6,22.32,260844,305187.48,1.17
2026,2026-08-20,Amravati,Soybean,Kharif,23.5,26.48,260844,305187.48,1.17
2026,2026-08-21,Amravati,Soybean,Kharif,26.4,25.84,260844,305187.48,1.17
2026,2026-08-22,Amravati,Soybean,Kharif,48.3,22.24,260844,305187.48,1.17
2026,2026-08-23,Amravati,Soybean,Kharif,55.8,24.05,260844,305187.48,1.17
2026,2026-08-24,Amravati,Soybean,Kharif,27.0,22.26,260844,305187.48,1.17
2026,2026-08-25,Amravati,Soybean,Kharif,5.2,25.14,260844,305187.48,1.17
2026,2026-08-26,Amravati,Soybean,Kharif,21.3,22.18,260844,305187.48,1.17
2026,2026-08-27,Amravati,Soybean,Kharif,35.0,20.78,260844,305187.48,1.17
2026,2026-08-28,Amravati,Soybean,Kharif,1.9,20.44,260844,305187.48,1.17
2026,2026-08-29,Amravati,Soybean,Kharif,53.1,22.1,260844,305187.48,1.17
2026,2026-08-30,Amravati,Soybean,Kharif,59.2,20.07,260844,305187.48,1.17
2026,2026-08-31,Amravati,Soybean,Kharif,33.2,21.77,260844,305187.48,1.17
2026,2026-09-01,Amravati,Soybean,Kharif,20.0,23.42,260844,305187.48,1.17
2026,2026-09-02,Amravati,Soybean,Kharif,18.4,20.2,260844,305187.48,1.17
2026,2026-09-03,Amravati,Soybean,Kharif,14.1,18.88,260844,305187.48,1.17
2026,2026-08-19,Amravati,Cotton,Kharif,6.1,22.32,331377,155747.19,0.47
2026,2026-08-20,Amravati,Cotton,Kharif,37.7,26.48,331377,155747.19,0.47
2026,2026-08-21,Amravati,Cotton,Kharif,33.1,25.84,331377,155747.19,0.47
2026,2026-08-22,Amravati,Cotton,Kharif,19.3,22.24,331377,155747.19,0.47
2026,2026-08-23,Amravati,Cotton,Kharif,40.5,24.05,331377,155747.19,0.47
2026,2026-08-24,Amravati,Cotton,Kharif,1.6,22.26,331377,155747.19,0.47
2026,2026-08-25,Amravati,Cotton,Kharif,42.6,25.14,331377,155747.19,0.47
2026,2026-08-26,Amravati,Cotton,Kharif,29.0,22.18,331377,155747.19,0.47
2026,2026-08-27,Amravati,Cotton,Kharif,31.6,20.78,331377,155747.19,0.47
2026,2026-08-28,Amravati,Cotton,Kharif,30.4,20.44,331377,155747.19,0.47
2026,2026-08-29,Amravati,Cotton,Kharif,0.9,22.1,331377,155747.19,0.47
2026,2026-08-30,Amravati,Cotton,Kharif,26.3,20.07,331377,155747.19,0.47
2026,2026-08-31,Amravati,Cotton,Kharif,24.6,21.77,331377,155747.19,0.47
2026,2026-09-01,Amravati,Cotton,Kharif,13.9,23.42,331377,155747.19,0.47
2026,2026-09-02,Amravati,Cotton,Kharif,13.5,20.2,331377,155747.19,0.47
2026,2026-09-03,Amravati,Cotton,Kharif,18.6,18.88,331377,155747.19,0.47
2026,2026-08-19,Amravati,Sugarcane,Kharif,35.8,22.32,63290,4832191.5,76.35
2026,2026-08-20,Amravati,Sugarcane,Kharif,0.0,26.48,63290,4832191.5,76.35
2026,2026-08-21,Amravati,Sugarcane,Kharif,37.5,25.84,63290,4832191.5,76.35
2026,2026-08-22,Amravati,Sugarcane,Kharif,20.0,22.24,63290,4832191.5,76.35
2026,2026-08-23,Amravati,Sugarcane,Kharif,20.6,24.05,63290,4832191.5,76.35
2026,2026-08-24,Amravati,Sugarcane,Kharif,12.1,22.26,63290,4832191.5,76.35
2026,2026-08-25,Amravati,Sugarcane,Kharif,24.3,25.14,63290,4832191.5,76.35
2026,2026-08-26,Amravati,Sugarcane,Kharif,23.9,22.18,63290,4832191.5,76.35
2026,2026-08-27,Amravati,Sugarcane,Kharif,6.4,20.78,63290,4832191.5,76.35
2026,2026-08-28,Amravati,Sugarcane,Kharif,1.6,20.44,63290,4832191.5,76.35
2026,2026-08-29,Amravati,Sugarcane,Kharif,4.8,22.1,63290,4832191.5,76.35
2026,2026-08-30,Amravati,Sugarcane,Kharif,1.1,20.07,63290,4832191.5,76.35
2026,2026-08-31,Amravati,Sugarcane,Kharif,1.5,21.77,63290,4832191.5,76.35
2026,2026-09-01,Amravati,Sugarcane,Kharif,16.6,23.42,63290,4832191.5,76.35
2026,2026-09-02,Amravati,Sugarcane,Kharif,28.9,20.2,63290,4832191.5,76.35
2026,2026-09-03,Amravati,Sugarcane,Kharif,1.8,18.88,63290,4832191.5,76.35
2026,2026-08-19,Aurangabad,Maize,Kharif,38.6,22.97,114689,332598.1,2.9
2026,2026-08-20,Aurangabad,Maize,Kharif,0.5,20.95,114689,332598.1,2.9
2026,2026-08-21,Aurangabad,Maize,Kharif,4.1,21.19,114689,332598.1,2.9
2026,2026-08-22,Aurangabad,Maize,Kharif,1.6,22.06,114689,332598.1,2.9
2026,2026-08-23,Aurangabad,Maize,Kharif,3.5,25.67,114689,332598.1,2.9
2026,2026-08-24,Aurangabad,Maize,Kharif,6.3,27.15,114689,332598.1,2.9
2026,2026-08-25,Aurangabad,Maize,Kharif,7.4,25.43,114689,332598.1,2.9
2026,2026-08-26,Aurangabad,Maize,Kharif,4.8,23.77,114689,332598.1,2.9
2026,2026-08-27,Aurangabad,Maize,Kharif,0.0,26.18,114689,332598.1,2.9
2026,2026-08-28,Aurangabad,Maize,Kharif,12.4,30.37,114689,332598.1,2.9
2026,2026-08-29,Aurangabad,Maize,Kharif,36.1,28.06,114689,332598.1,2.9
2026,2026-08-30,Aurangabad,Maize,Kharif,11.1,31.21,114689,332598.1,2.9
2026,2026-08-31,Aurangabad,Maize,Kharif,48.0,31.05,114689,332598.1,2.9
2026,2026-09-01,Aurangabad,Maize,Kharif,7.8,26.45,114689,332598.1,2.9
2026,2026-09-02,Aurangabad,Maize,Kharif,4.4,31.2,114689,332598.1,2.9
2026,2026-09-03,Aurangabad,Maize,Kharif,1.4,31.46,114689,332598.1,2.9
2026,2026-08-19,Aurangabad,Soybean,Kharif,0.2,22.97,166242,199490.4,1.2
2026,2026-08-20,Aurangabad,Soybean,Kharif,14.6,20.95,166242,199490.4,1.2
2026,2026-08-21,Aurangabad,Soybean,Kharif,0.6,21.19,166242,199490.4,1.2
2026,2026-08-22,Aurangabad,Soybean,Kharif,16.4,22.06,166242,199490.4,1.2
2026,2026-08-23,Aurangabad,Soybean,Kharif,48.3,25.67,166242,199490.4,1.2
2026,2026-08-24,Aurangabad,Soybean,Kharif,21.1,27.15,166242,199490.4,1.2
2026,2026-08-25,Aurangabad,Soybean,Kharif,33.3,25.43,166242,199490.4,1.2
2026,2026-08-26,Aurangabad,Soybean,Kharif,51.3,23.77,166242,199490.4,1.2
2026,2026-08-27,Aurangabad,Soybean,Kharif,30.5,26.18,166242,199490.4,1.2
2026,2026-08-28,Aurangabad,Soybean,Kharif,25.1,30.37,166242,199490.4,1.2
2026,2026-08-29,Aurangabad,Soybean,Kharif,31.8,28.06,166242,199490.4,1.2
2026,2026-08-30,Aurangabad,Soybean,Kharif,15.2,31.21,166242,199490.4,1.2
2026,2026-08-31,Aurangabad,Soybean,Kharif,0.9,31.05,166242,199490.4,1.2
2026,2026-09-01,Aurangabad,Soybean,Kharif,25.6,26.45,166242,199490.4,1.2
2026,2026-09-02,Aurangabad,Soybean,Kharif,33.6,31.2,166242,199490.4,1.2
2026,2026-09-03,Aurangabad,Soybean,Kharif,1.7,31.46,166242,199490.4,1.2
2026,2026-08-19,Aurangabad,Cotton,Kharif,1.5,22.97,338379,155654.34,0.46
2026,2026-08-20,Aurangabad,Cotton,Kharif,21.7,20.95,338379,155654.34,0.46
2026,2026-08-21,Aurangabad,Cotton,Kharif,0.0,21.19,338379,155654.34,0.46
2026,2026-08-22,Aurangabad,Cotton,Kharif,1.6,22.06,338379,155654.34,0.46
2026,2026-08-23,Aurangabad,Cotton,Kharif,0.7,25.67,338379,155654.34,0.46
2026,2026-08-24,Aurangabad,Cotton,Kharif,6.9,27.15,338379,155654.34,0.46
2026,2026-08-25,Aurangabad,Cotton,Kharif,0.0,25.43,338379,155654.34,0.46
2026,2026-08-26,Aurangabad,Cotton,Kharif,50.0,23.77,338379,155654.34,0.46
2026,2026-08-27,Aurangabad,Cotton,Kharif,2.0,26.18,338379,155654.34,0.46
2026,2026-08-28,Aurangabad,Cotton,Kharif,4.3,30.37,338379,155654.34,0.46
2026,2026-08-29,Aurangabad,Cotton,Kharif,18.9,28.06,338379,155654.34,0.46
2026,2026-08-30,Aurangabad,Cotton,Kharif,16.6,31.21,338379,155654.34,0.46
2026,2026-08-31,Aurangabad,Cotton,Kharif,0.0,31.05,338379,155654.34,0.46
2026,2026-09-01,Aurangabad,Cotton,Kharif,0.3,26.45,338379,155654.34,0.46
2026,2026-09-02,Aurangabad,Cotton,Kharif,55.5,31.2,338379,155654.34,0.46
2026,2026-09-03,Aurangabad,Cotton,Kharif,5.7,31.46,338379,155654.34,0.46
2026,2026-08-19,Aurangabad,Sugarcane,Kharif,22.1,22.97,82899,7110247.23,85.77
2026,2026-08-20,Aurangabad,Sugarcane,Kharif,28.9,20.95,82899,7110247.23,85.77
2026,2026-08-21,Aurangabad,Sugarcane,Kharif,34.9,21.19,82899,7110247.23,85.77
2026,2026-08-22,Aurangabad,Sugarcane,Kharif,39.7,22.06,82899,7110247.23,85.77
2026,2026-08-23,Aurangabad,Sugarcane,Kharif,24.2,25.67,82899,7110247.23,85.77
2026,2026-08-24,Aurangabad,Sugarcane,Kharif,30.7,27.15,82899,7110247.23,85.77
2026,2026-08-25,Aurangabad,Sugarcane,Kharif,1.5,25.43,82899,7110247.23,85.77
2026,2026-08-26,Aurangabad,Sugarcane,Kharif,32.4,23.77,82899,7110247.23,85.77
2026,2026-08-27,Aurangabad,Sugarcane,Kharif,19.4,26.18,82899,7110247.23,85.77
2026,2026-08-28,Aurangabad,Sugarcane,Kharif,30.1,30.37,82899,7110247.23,85.77
2026,2026-08-29,Aurangabad,Sugarcane,Kharif,20.5,28.06,82899,7110247.23,85.77
2026,2026-08-30,Aurangabad,Sugarcane,Kharif,0.3,31.21,82899,7110247.23,85.77
2026,2026-08-31,Aurangabad,Sugarcane,Kharif,22.2,31.05,82899,7110247.23,85.77
2026,2026-09-01,Aurangabad,Sugarcane,Kharif,22.0,26.45,82899,7110247.23,85.77
2026,2026-09-02,Aurangabad,Sugarcane,Kharif,35.3,31.2,82899,7110247.23,85.77
2026,2026-09-03,Aurangabad,Sugarcane,Kharif,21.6,31.46,82899,7110247.23,85.77
2026,2026-08-19,Bhandara,Maize,Kharif,20.6,33.12,91956,301615.68,3.28
2026,2026-08-20,Bhandara,Maize,Kharif,3.3,34.82,91956,301615.68,3.28
2026,2026-08-21,Bhandara,Maize,Kharif,0.0,33.59,91956,301615.68,3.28
2026,2026-08-22,Bhandara,Maize,Kharif,0.8,30.68,91956,301615.68,3.28
2026,2026-08-23,Bhandara,Maize,Kharif,14.0,32.88,91956,301615.68,3.28
2026,2026-08-24,Bhandara,Maize,Kharif,7.6,31.32,91956,301615.68,3.28
2026,2026-08-25,Bhandara,Maize,Kharif,0.5,37.04,91956,301615.68,3.28
2026,2026-08-26,Bhandara,Maize,Kharif,20.5,37.0,91956,301615.68,3.28
2026,2026-08-27,Bhandara,Maize,Kharif,7.9,36.98,91956,301615.68,3.28
2026,2026-08-28,Bhandara,Maize,Kharif,4.6,34.1,91956,301615.68,3.28
2026,2026-08-29,Bhandara,Maize,Kharif,0.0,32.86,91956,301615.68,3.28
2026,2026-08-30,Bhandara,Maize,Kharif,21.6,38.04,91956,301615.68,3.28
2026,2026-08-31,Bhandara,Maize,Kharif,0.0,38.72,91956,301615.68,3.28
2026,2026-09-01,Bhandara,Maize,Kharif,56.6,33.81,91956,301615.68,3.28
2026,2026-09-02,Bhandara,Maize,Kharif,14.2,36.48,91956,301615.68,3.28
2026,2026-09-03,Bhandara,Maize,Kharif,5.2,34.24,91956,301615.68,3.28
2026,2026-08-19,Bhandara,Soybean,Kharif,0.6,33.12,203966,267195.46,1.31
2026,2026-08-20,Bhandara,Soybean,Kharif,0.0,34.82,203966,267195.46,1.31
2026,2026-08-21,Bhandara,Soybean,Kharif,16.2,33.59,203966,267195.46,1.31
2026,2026-08-22,Bhandara,Soybean,Kharif,1.7,30.68,203966,267195.46,1.31
2026,2026-08-23,Bhandara,Soybean,Kharif,0.0,32.88,203966,267195.46,1.31
2026,2026-08-24,Bhandara,Soybean,Kharif,0.0,31.32,203966,267195.46,1.31
2026,2026-08-25,Bhandara,Soybean,Kharif,6.1,37.04,203966,267195.46,1.31
2026,2026-08-26,Bhandara,Soybean,Kharif,4.9,37.0,203966,267195.46,1.31
2026,2026-08-27,Bhandara,Soybean,Kharif,11.5,36.98,203966,267195.46,1.31
2026,2026-08-28,Bhandara,Soybean,Kharif,1.0,34.1,203966,267195.46,1.31
2026,2026-08-29,Bhandara,Soybean,Kharif,43.7,32.86,203966,267195.46,1.31
2026,2026-08-30,Bhandara,Soybean,Kharif,13.5,38.04,203966,267195.46,1.31
2026,2026-08-31,Bhandara,Soybean,Kharif,0.0,38.72,203966,267195.46,1.31
2026,2026-09-01,Bhandara,Soybean,Kharif,0.4,33.81,203966,267195.46,1.31
2026,2026-09-02,Bhandara,Soybean,Kharif,8.1,36.48,203966,267195.46,1.31
2026,2026-09-03,Bhandara,Soybean,Kharif,0.0,34.24,203966,267195.46,1.31
2026,2026-08-19,Bhandara,Cotton,Kharif,20.8,33.12,335339,154255.94,0.46
2026,2026-08-20,Bhandara,Cotton,Kharif,6.9,34.82,335339,154255.94,0.46
2026,2026-08-21,Bhandara,Cotton,Kharif,49.1,33.59,335339,154255.94,0.46
2026,2026-08-22,Bhandara,Cotton,Kharif,9.1,30.68,335339,154255.94,0.46
2026,2026-08-23,Bhandara,Cotton,Kharif,9.2,32.88,335339,154255.94,0.46
2026,2026-08-24,Bhandara,Cotton,Kharif,28.3,31.32,335339,154255.94,0.46
2026,2026-08-25,Bhandara,Cotton,Kharif,24.1,37.04,335339,154255.94,0.46
2026,2026-08-26,Bhandara,Cotton,Kharif,29.4,37.0,335339,154255.94,0.46
2026,2026-08-27,Bhandara,Cotton,Kharif,23.7,36.98,335339,154255.94,0.46
2026,2026-08-28,Bhandara,Cotton,Kharif,34.6,34.1,335339,154255.94,0.46
2026,2026-08-29,Bhandara,Cotton,Kharif,1.7,32.86,335339,154255.94,0.46
2026,2026-08-30,Bhandara,Cotton,Kharif,50.4,38.04,335339,154255.94,0.46
2026,2026-08-31,Bhandara,Cotton,Kharif,25.7,38.72,335339,154255.94,0.46
2026,2026-09-01,Bhandara,Cotton,Kharif,7.1,33.81,335339,154255.94,0.46
2026,2026-09-02,Bhandara,Cotton,Kharif,46.2,36.48,335339,154255.94,0.46
2026,2026-09-03,Bhandara,Cotton,Kharif,15.7,34.24,335339,154255.94,0.46
2026,2026-08-19,Bhandara,Sugarcane,Kharif,13.5,33.12,85191,7093854.57,83.27
2026,2026-08-20,Bhandara,Sugarcane,Kharif,0.2,34.82,85191,7093854.57,83.27
2026,2026-08-21,Bhandara,Sugarcane,Kharif,43.6,33.59,85191,7093854.57,83.27
2026,2026-08-22,Bhandara,Sugarcane,Kharif,18.7,30.68,85191,7093854.57,83.27
2026,2026-08-23,Bhandara,Sugarcane,Kharif,20.9,32.88,85191,7093854.57,83.27
2026,2026-08-24,Bhandara,Sugarcane,Kharif,23.4,31.32,85191,7093854.57,83.27
2026,2026-08-25,Bhandara,Sugarcane,Kharif,13.4,37.04,85191,7093854.57,83.27
2026,2026-08-26,Bhandara,Sugarcane,Kharif,17.4,37.0,85191,7093854.57,83.27
2026,2026-08-27,Bhandara,Sugarcane,Kharif,11.9,36.98,85191,7093854.57,83.27
2026,2026-08-28,Bhandara,Sugarcane,Kharif,22.0,34.1,85191,7093854.57,83.27
2026,2026-08-29,Bhandara,Sugarcane,Kharif,16.3,32.86,85191,7093854.57,83.27
2026,2026-08-30,Bhandara,Sugarcane,Kharif,1.4,38.04,85191,7093854.57,83.27
2026,2026-08-31,Bhandara,Sugarcane,Kharif,15.7,38.72,85191,7093854.57,83.27
2026,2026-09-01,Bhandara,Sugarcane,Kharif,8.4,33.81,85191,7093854.57,83.27
2026,2026-09-02,Bhandara,Sugarcane,Kharif,43.3,36.48,85191,7093854.57,83.27
2026,2026-09-03,Bhandara,Sugarcane,Kharif,3.5,34.24,85191,7093854.57,83.27
2026,2026-08-19,Beed,Maize,Kharif,20.0,32.8,101046,275855.58,2.73
2026,2026-08-20,Beed,Maize,Kharif,5.3,35.09,101046,275855.58,2.73
2026,2026-08-21,Beed,Maize,Kharif,14.2,31.95,101046,275855.58,2.73
2026,2026-08-22,Beed,Maize,Kharif,5.2,33.92,101046,275855.58,2.73
2026,2026-08-23,Beed,Maize,Kharif,12.4,34.07,101046,275855.58,2.73
2026,2026-08-24,Beed,Maize,Kharif,0.0,37.11,101046,275855.58,2.73
2026,2026-08-25,Beed,Maize,Kharif,4.0,36.68,101046,275855.58,2.73
2026,2026-08-26,Beed,Maize,Kharif,0.0,33.04,101046,275855.58,2.73
2026,2026-08-27,Beed,Maize,Kharif,2.9,34.5,101046,275855.58,2.73
2026,2026-08-28,Beed,Maize,Kharif,13.6,32.61,101046,275855.58,2.73
2026,2026-08-29,Beed,Maize,Kharif,16.6,37.05,101046,275855.58,2.73
2026,2026-08-30,Beed,Maize,Kharif,4.8,36.83,101046,275855.58,2.73
2026,2026-08-31,Beed,Maize,Kharif,0.2,33.44,101046,275855.58,2.73
2026,2026-09-01,Beed,Maize,Kharif,18.9,35.52,101046,275855.58,2.73
2026,2026-09-02,Beed,Maize,Kharif,16.0,35.37,101046,275855.58,2.73
2026,2026-09-03,Beed,Maize,Kharif,35.9,32.67,101046,275855.58,2.73
2026,2026-08-19,Beed,Soybean,Kharif,17.0,32.8,184082,230102.5,1.25
2026,2026-08-20,Beed,Soybean,Kharif,17.4,35.09,184082,230102.5,1.25
2026,2026-08-21,Beed,Soybean,Kharif,13.7,31.95,184082,230102.5,1.25
2026,2026-08-22,Beed,Soybean,Kharif,0.0,33.92,184082,230102.5,1.25
2026,2026-08-23,Beed,Soybean,Kharif,1.6,34.07,184082,230102.5,1.25
2026,2026-08-24,Beed,Soybean,Kharif,18.1,37.11,184082,230102.5,1.25
2026,2026-08-25,Beed,Soybean,Kharif,8.8,36.68,184082,230102.5,1.25
2026,2026-08-26,Beed,Soybean,Kharif,24.7,33.04,184082,230102.5,1.25
2026,2026-08-27,Beed,Soybean,Kharif,6.4,34.5,184082,230102.5,1.25
2026,2026-08-28,Beed,Soybean,Kharif,25.3,32.61,184082,230102.5,1.25
2026,2026-08-29,Beed,Soybean,Kharif,0.0,37.05,184082,230102.5,1.25
2026,2026-08-30,Beed,Soybean,Kharif,46.5,36.83,184082,230102.5,1.25
2026,2026-08-31,Beed,Soybean,Kharif,26.1,33.44,184082,230102.5,1.25
2026,2026-09-01,Beed,Soybean,Kharif,0.0,35.52,184082,230102.5,1.25
2026,2026-09-02,Beed,Soybean,Kharif,8.2,35.37,184082,230102.5,1.25
2026,2026-09-03,Beed,Soybean,Kharif,15.7,32.67,184082,230102.5,1.25
2026,2026-08-19,Beed,Cotton,Kharif,48.9,32.8,209405,90044.15,0.43
2026,2026-08-20,Beed,Cotton,Kharif,1.7,35.09,209405,90044.15,0.43
2026,2026-08-21,Beed,Cotton,Kharif,42.1,31.95,209405,90044.15,0.43
2026,2026-08-22,Beed,Cotton,Kharif,22.5,33.92,209405,90044.15,0.43
2026,2026-08-23,Beed,Cotton,Kharif,21.6,34.07,209405,90044.15,0.43
2026,2026-08-24,Beed,Cotton,Kharif,15.3,37.11,209405,90044.15,0.43
2026,2026-08-25,Beed,Cotton,Kharif,40.6,36.68,209405,90044.15,0.43
2026,2026-08-26,Beed,Cotton,Kharif,16.7,33.04,209405,90044.15,0.43
2026,2026-08-27,Beed,Cotton,Kharif,1.0,34.5,209405,90044.15,0.43
2026,2026-08-28,Beed,Cotton,Kharif,19.3,32.61,209405,90044.15,0.43
2026,2026-08-29,Beed,Cotton,Kharif,44.4,37.05,209405,90044.15,0.43
2026,2026-08-30,Beed,Cotton,Kharif,1.9,36.83,209405,90044.15,0.43
2026,2026-08-31,Beed,Cotton,Kharif,9.5,33.44,209405,90044.15,0.43
2026,2026-09-01,Beed,Cotton,Kharif,0.6,35.52,209405,90044.15,0.43
2026,2026-09-02,Beed,Cotton,Kharif,6.4,35.37,209405,90044.15,0.43
2026,2026-09-03,Beed,Cotton,Kharif,25.9,32.67,209405,90044.15,0.43
2026,2026-08-19,Beed,Sugarcane,Kharif,0.2,32.8,53242,4172043.12,78.36
2026,2026-08-20,Beed,Sugarcane,Kharif,23.6,35.09,53242,4172043.12,78.36
2026,2026-08-21,Beed,Sugarcane,Kharif,1.7,31.95,53242,4172043.12,78.36
2026,2026-08-22,Beed,Sugarcane,Kharif,10.1,33.92,53242,4172043.12,78.36
2026,2026-08-23,Beed,Sugarcane,Kharif,0.6,34.07,53242,4172043.12,78.36
2026,2026-08-24,Beed,Sugarcane,Kharif,21.9,37.11,53242,4172043.12,78.36
2026,2026-08-25,Beed,Sugarcane,Kharif,16.4,36.68,53242,4172043.12,78.36
2026,2026-08-26,Beed,Sugarcane,Kharif,27.3,33.04,53242,4172043.12,78.36
2026,2026-08-27,Beed,Sugarcane,Kharif,25.1,34.5,53242,4172043.12,78.36
2026,2026-08-28,Beed,Sugarcane,Kharif,1.0,32.61,53242,4172043.12,78.36
2026,2026-08-29,Beed,Sugarcane,Kharif,19.2,37.05,53242,4172043.12,78.36
2026,2026-08-30,Beed,Sugarcane,Kharif,20.6,36.83,53242,4172043.12,78.36
2026,2026-08-31,Beed,Sugarcane,Kharif,3.7,33.44,53242,4172043.12,78.36
2026,2026-09-01,Beed,Sugarcane,Kharif,1.9,35.52,53242,4172043.12,78.36
2026,2026-09-02,Beed,Sugarcane,Kharif,1.1,35.37,53242,4172043.12,78.36
2026,2026-09-03,Beed,Sugarcane,Kharif,19.9,32.67,53242,4172043.12,78.36
2026,2026-08-19,Buldhana,Maize,Kharif,17.8,39.22,97326,284191.92,2.92
2026,2026-08-20,Buldhana,Maize,Kharif,30.5,35.66,97326,284191.92,2.92
2026,2026-08-21,Buldhana,Maize,Kharif,41.3,38.0,97326,284191.92,2.92
2026,2026-08-22,Buldhana,Maize,Kharif,1.6,38.71,97326,284191.92,2.92
2026,2026-08-23,Buldhana,Maize,Kharif,23.6,37.26,97326,284191.92,2.92
2026,2026-08-24,Buldhana,Maize,Kharif,13.6,41.17,97326,284191.92,2.92
2026,2026-08-25,Buldhana,Maize,Kharif,23.6,38.73,97326,284191.92,2.92
2026,2026-08-26,Buldhana,Maize,Kharif,26.9,37.72,97326,284191.92,2.92
2026,2026-08-27,Buldhana,Maize,Kharif,31.1,39.95,97326,284191.92,2.92
2026,2026-08-28,Buldhana,Maize,Kharif,37.2,41.35,97326,284191.92,2.92
2026,2026-08-29,Buldhana,Maize,Kharif,14.9,38.44,97326,284191.92,2.92
2026,2026-08-30,Buldhana,Maize,Kharif,1.6,39.36,97326,284191.92,2.92
2026,2026-08-31,Buldhana,Maize,Kharif,14.0,43.73,97326,284191.92,2.92
2026,2026-09-01,Buldhana,Maize,Kharif,29.9,41.92,97326,284191.92,2.92
2026,2026-09-02,Buldhana,Maize,Kharif,1.9,40.9,97326,284191.92,2.92
2026,2026-09-03,Buldhana,Maize,Kharif,26.2,41.64,97326,284191.92,2.92
2026,2026-08-19,Buldhana,Soybean,Kharif,24.5,39.22,202863,247492.86,1.22
2026,2026-08-20,Buldhana,Soybean,Kharif,38.2,35.66,202863,247492.86,1.22
2026,2026-08-21,Buldhana,Soybean,Kharif,27.9,38.0,202863,247492.86,1.22
2026,2026-08-22,Buldhana,Soybean,Kharif,9.0,38.71,202863,247492.86,1.22
2026,2026-08-23,Buldhana,Soybean,Kharif,0.7,37.26,202863,247492.86,1.22
2026,2026-08-24,Buldhana,Soybean,Kharif,53.6,41.17,202863,247492.86,1.22
2026,2026-08-25,Buldhana,Soybean,Kharif,44.7,38.73,202863,247492.86,1.22
2026,2026-08-26,Buldhana,Soybean,Kharif,47.4,37.72,202863,247492.86,1.22
2026,2026-08-27,Buldhana,Soybean,Kharif,33.4,39.95,202863,247492.86,1.22
2026,2026-08-28,Buldhana,Soybean,Kharif,20.3,41.35,202863,247492.86,1.22
2026,2026-08-29,Buldhana,Soybean,Kharif,34.3,38.44,202863,247492.86,1.22
2026,2026-08-30,Buldhana,Soybean,Kharif,30.0,39.36,202863,247492.86,1.22
2026,2026-08-31,Buldhana,Soybean,Kharif,23.4,43.73,202863,247492.86,1.22
2026,2026-09-01,Buldhana,Soybean,Kharif,27.7,41.92,202863,247492.86,1.22
2026,2026-09-02,Buldhana,Soybean,Kharif,18.0,40.9,202863,247492.86,1.22
2026,2026-09-03,Buldhana,Soybean,Kharif,19.7,41.64,202863,247492.86,1.22
2026,2026-08-19,Buldhana,Cotton,Kharif,1.7,39.22,240852,118017.48,0.49
2026,2026-08-20,Buldhana,Cotton,Kharif,18.4,35.66,240852,118017.48,0.49
2026,2026-08-21,Buldhana,Cotton,Kharif,58.7,38.0,240852,118017.48,0.49
2026,2026-08-22,Buldhana,Cotton,Kharif,1.3,38.71,240852,118017.48,0.49
2026,2026-08-23,Buldhana,Cotton,Kharif,12.0,37.26,240852,118017.48,0.49
2026,2026-08-24,Buldhana,Cotton,Kharif,3.5,41.17,240852,118017.48,0.49
2026,2026-08-25,Buldhana,Cotton,Kharif,1.2,38.73,240852,118017.48,0.49
2026,2026-08-26,Buldhana,Cotton,Kharif,0.0,37.72,240852,118017.48,0.49
2026,2026-08-27,Buldhana,Cotton,Kharif,0.1,39.95,240852,118017.48,0.49
2026,2026-08-28,Buldhana,Cotton,Kharif,6.8,41.35,240852,118017.48,0.49
2026,2026-08-29,Buldhana,Cotton,Kharif,17.9,38.44,240852,118017.48,0.49
2026,2026-08-30,Buldhana,Cotton,Kharif,3.6,39.36,240852,118017.48,0.49
2026,2026-08-31,Buldhana,Cotton,Kharif,0.0,43.73,240852,118017.48,0.49
2026,2026-09-01,Buldhana,Cotton,Kharif,3.2,41.92,240852,118017.48,0.49
2026,2026-09-02,Buldhana,Cotton,Kharif,7.6,40.9,240852,118017.48,0.49
2026,2026-09-03,Buldhana,Cotton,Kharif,12.0,41.64,240852,118017.48,0.49
2026,2026-08-19,Buldhana,Sugarcane,Kharif,23.6,39.22,76217,6386222.43,83.79
2026,2026-08-20,Buldhana,Sugarcane,Kharif,13.9,35.66,76217,6386222.43,83.79
2026,2026-08-21,Buldhana,Sugarcane,Kharif,17.4,38.0,76217,6386222.43,83.79
2026,2026-08-22,Buldhana,Sugarcane,Kharif,26.3,38.71,76217,6386222.43,83.79
2026,2026-08-23,Buldhana,Sugarcane,Kharif,47.3,37.26,76217,6386222.43,83.79
2026,2026-08-24,Buldhana,Sugarcane,Kharif,1.7,41.17,76217,6386222.43,83.79
2026,2026-08-25,Buldhana,Sugarcane,Kharif,19.6,38.73,76217,6386222.43,83.79
2026,2026-08-26,Buldhana,Sugarcane,Kharif,46.1,37.72,76217,6386222.43,83.79
2026,2026-08-27,Buldhana,Sugarcane,Kharif,1.4,39.95,76217,6386222.43,83.79
2026,2026-08-28,Buldhana,Sugarcane,Kharif,16.6,41.35,76217,6386222.43,83.79
2026,2026-08-29,Buldhana,Sugarcane,Kharif,1.1,38.44,76217,6386222.43,83.79
2026,2026-08-30,Buldhana,Sugarcane,Kharif,56.3,39.36,76217,6386222.43,83.79
2026,2026-08-31,Buldhana,Sugarcane,Kharif,26.4,43.73,76217,6386222.43,83.79
2026,2026-09-01,Buldhana,Sugarcane,Kharif,50.9,41.92,76217,6386222.43,83.79
2026,2026-09-02,Buldhana,Sugarcane,Kharif,15.7,40.9,76217,6386222.43,83.79
2026,2026-09-03,Buldhana,Sugarcane,Kharif,19.5,41.64,76217,6386222.43,83.79
2026,2026-08-19,Chandrapur,Maize,Kharif,17.8,18.26,72241,226836.74,3.14
2026,2026-08-20,Chandrapur,Maize,Kharif,9.4,18.56,72241,226836.74,3.14
2026,2026-08-21,Chandrapur,Maize,Kharif,0.0,19.68,72241,226836.74,3.14
2026,2026-08-22,Chandrapur,Maize,Kharif,0.6,17.16,72241,226836.74,3.14
2026,2026-08-23,Chandrapur,Maize,Kharif,53.0,16.72,72241,226836.74,3.14
2026,2026-08-24,Chandrapur,Maize,Kharif,4.3,15.44,72241,226836.74,3.14
2026,2026-08-25,Chandrapur,Maize,Kharif,9.2,18.43,72241,226836.74,3.14
2026,2026-08-26,Chandrapur,Maize,Kharif,51.1,15.63,72241,226836.74,3.14
2026,2026-08-27,Chandrapur,Maize,Kharif,5.0,19.31,72241,226836.74,3.14
2026,2026-08-28,Chandrapur,Maize,Kharif,0.0,18.66,72241,226836.74,3.14
2026,2026-08-29,Chandrapur,Maize,Kharif,21.4,13.55,72241,226836.74,3.14
2026,2026-08-30,Chandrapur,Maize,Kharif,16.4,14.17,72241,226836.74,3.14
2026,2026-08-31,Chandrapur,Maize,Kharif,26.7,16.38,72241,226836.74,3.14
2026,2026-09-01,Chandrapur,Maize,Kharif,36.4,13.27,72241,226836.74,3.14
2026,2026-09-02,Chandrapur,Maize,Kharif,0.3,12.4,72241,226836.74,3.14
2026,2026-09-03,Chandrapur,Maize,Kharif,2.2,16.84,72241,226836.74,3.14
2026,2026-08-19,Chandrapur,Soybean,Kharif,57.4,18.26,175569,222972.63,1.27
2026,2026-08-20,Chandrapur,Soybean,Kharif,23.2,18.56,175569,222972.63,1.27
2026,2026-08-21,Chandrapur,Soybean,Kharif,5.2,19.68,175569,222972.63,1.27
2026,2026-08-22,Chandrapur,Soybean,Kharif,0.6,17.16,175569,222972.63,1.27
2026,2026-08-23,Chandrapur,Soybean,Kharif,4.3,16.72,175569,222972.63,1.27
2026,2026-08-24,Chandrapur,Soybean,Kharif,21.2,15.44,175569,222972.63,1.27
2026,2026-08-25,Chandrapur,Soybean,Kharif,28.6,18.43,175569,222972.63,1.27
2026,2026-08-26,Chandrapur,Soybean,Kharif,9.9,15.63,175569,222972.63,1.27
2026,2026-08-27,Chandrapur,Soybean,Kharif,1.2,19.31,175569,222972.63,1.27
2026,2026-08-28,Chandrapur,Soybean,Kharif,12.8,18.66,175569,222972.63,1.27
2026,2026-08-29,Chandrapur,Soybean,Kharif,1.3,13.55,175569,222972.63,1.27
2026,2026-08-30,Chandrapur,Soybean,Kharif,10.2,14.17,175569,222972.63,1.27
2026,2026-08-31,Chandrapur,Soybean,Kharif,12.8,16.38,175569,222972.63,1.27
2026,2026-09-01,Chandrapur,Soybean,Kharif,3.7,13.27,175569,222972.63,1.27
2026,2026-09-02,Chandrapur,Soybean,Kharif,7.3,12.4,175569,222972.63,1.27
2026,2026-09-03,Chandrapur,Soybean,Kharif,47.1,16.84,175569,222972.63,1.27
2026,2026-08-19,Chandrapur,Cotton,Kharif,16.4,18.26,362239,166629.94,0.46
2026,2026-08-20,Chandrapur,Cotton,Kharif,23.6,18.56,362239,166629.94,0.46
2026,2026-08-21,Chandrapur,Cotton,Kharif,22.3,19.68,362239,166629.94,0.46
2026,2026-08-22,Chandrapur,Cotton,Kharif,24.2,17.16,362239,166629.94,0.46
2026,2026-08-23,Chandrapur,Cotton,Kharif,31.6,16.72,362239,166629.94,0.46
2026,2026-08-24,Chandrapur,Cotton,Kharif,19.5,15.44,362239,166629.94,0.46
2026,2026-08-25,Chandrapur,Cotton,Kharif,38.3,18.43,362239,166629.94,0.46
2026,2026-08-26,Chandrapur,Cotton,Kharif,5.3,15.63,362239,166629.94,0.46
2026,2026-08-27,Chandrapur,Cotton,Kharif,17.3,19.31,362239,166629.94,0.46
2026,2026-08-28,Chandrapur,Cotton,Kharif,29.2,18.66,362239,166629.94,0.46
2026,2026-08-29,Chandrapur,Cotton,Kharif,26.5,13.55,362239,166629.94,0.46
2026,2026-08-30,Chandrapur,Cotton,Kharif,24.9,14.17,362239,166629.94,0.46
2026,2026-08-31,Chandrapur,Cotton,Kharif,21.3,16.38,362239,166629.94,0.46
2026,2026-09-01,Chandrapur,Cotton,Kharif,37.1,13.27,362239,166629.94,0.46
2026,2026-09-02,Chandrapur,Cotton,Kharif,15.0,12.4,362239,166629.94,0.46
2026,2026-09-03,Chandrapur,Cotton,Kharif,17.8,16.84,362239,166629.94,0.46
2026,2026-08-19,Chandrapur,Sugarcane,Kharif,8.1,18.26,72391,6155406.73,85.03
2026,2026-08-20,Chandrapur,Sugarcane,Kharif,1.9,18.56,72391,6155406.73,85.03
2026,2026-08-21,Chandrapur,Sugarcane,Kharif,15.0,19.68,72391,6155406.73,85.03
2026,2026-08-22,Chandrapur,Sugarcane,Kharif,40.4,17.16,72391,6155406.73,85.03
2026,2026-08-23,Chandrapur,Sugarcane,Kharif,23.8,16.72,72391,6155406.73,85.03
2026,2026-08-24,Chandrapur,Sugarcane,Kharif,51.4,15.44,72391,6155406.73,85.03
2026,2026-08-25,Chandrapur,Sugarcane,Kharif,17.9,18.43,72391,6155406.73,85.03
2026,2026-08-26,Chandrapur,Sugarcane,Kharif,19.8,15.63,72391,6155406.73,85.03
2026,2026-08-27,Chandrapur,Sugarcane,Kharif,53.2,19.31,72391,6155406.73,85.03
2026,2026-08-28,Chandrapur,Sugarcane,Kharif,8.0,18.66,72391,6155406.73,85.03
2026,2026-08-29,Chandrapur,Sugarcane,Kharif,6.5,13.55,72391,6155406.73,85.03
2026,2026-08-30,Chandrapur,Sugarcane,Kharif,21.0,14.17,72391,6155406.73,85.03
2026,2026-08-31,Chandrapur,Sugarcane,Kharif,23.4,16.38,72391,6155406.73,85.03
2026,2026-09-01,Chandrapur,Sugarcane,Kharif,19.2,13.27,72391,6155406.73,85.03
2026,2026-09-02,Chandrapur,Sugarcane,Kharif,27.0,12.4,72391,6155406.73,85.03
2026,2026-09-03,Chandrapur,Sugarcane,Kharif,2.0,16.84,72391,6155406.73,85.03
2026,2026-08-19,Dhule,Maize,Kharif,12.1,27.12,108514,343989.38,3.17
2026,2026-08-20,Dhule,Maize,Kharif,25.3,29.06,108514,343989.38,3.17
2026,2026-08-21,Dhule,Maize,Kharif,7.9,29.27,108514,343989.38,3.17
2026,2026-08-22,Dhule,Maize,Kharif,10.4,25.64,108514,343989.38,3.17
2026,2026-08-23,Dhule,Maize,Kharif,0.7,25.15,108514,343989.38,3.17
2026,2026-08-24,Dhule,Maize,Kharif,12.9,27.22,108514,343989.38,3.17
2026,2026-08-25,Dhule,Maize,Kharif,5.3,27.25,108514,343989.38,3.17
2026,2026-08-26,Dhule,Maize,Kharif,6.9,27.58,108514,343989.38,3.17
2026,2026-08-27,Dhule,Maize,Kharif,25.7,29.23,108514,343989.38,3.17
2026,2026-08-28,Dhule,Maize,Kharif,33.7,28.96,108514,343989.38,3.17
2026,2026-08-29,Dhule,Maize,Kharif,5.1,30.9,108514,343989.38,3.17
2026,2026-08-30,Dhule,Maize,Kharif,25.7,25.65,108514,343989.38,3.17
2026,2026-08-31,Dhule,Maize,Kharif,8.3,27.55,108514,343989.38,3.17
2026,2026-09-01,Dhule,Maize,Kharif,26.9,27.24,108514,343989.38,3.17
2026,2026-09-02,Dhule,Maize,Kharif,23.4,30.45,108514,343989.38,3.17
2026,2026-09-03,Dhule,Maize,Kharif,11.5,26.84,108514,343989.38,3.17
2026,2026-08-19,Dhule,Soybean,Kharif,28.5,27.12,184234,217396.12,1.18
2026,2026-08-20,Dhule,Soybean,Kharif,54.6,29.06,184234,217396.12,1.18
2026,2026-08-21,Dhule,Soybean,Kharif,21.0,29.27,184234,217396.12,1.18
2026,2026-08-22,Dhule,Soybean,Kharif,17.6,25.64,184234,217396.12,1.18
2026,2026-08-23,Dhule,Soybean,Kharif,9.1,25.15,184234,217396.12,1.18
2026,2026-08-24,Dhule,Soybean,Kharif,8.3,27.22,184234,217396.12,1.18
2026,2026-08-25,Dhule,Soybean,Kharif,1.4,27.25,184234,217396.12,1.18
2026,2026-08-26,Dhule,Soybean,Kharif,1.9,27.58,184234,217396.12,1.18
2026,2026-08-27,Dhule,Soybean,Kharif,0.0,29.23,184234,217396.12,1.18
2026,2026-08-28,Dhule,Soybean,Kharif,9.0,28.96,184234,217396.12,1.18
2026,2026-08-29,Dhule,Soybean,Kharif,16.5,30.9,184234,217396.12,1.18
2026,2026-08-30,Dhule,Soybean,Kharif,11.9,25.65,184234,217396.12,1.18
2026,2026-08-31,Dhule,Soybean,Kharif,56.8,27.55,184234,217396.12,1.18
2026,2026-09-01,Dhule,Soybean,Kharif,23.5,27.24,184234,217396.12,1.18
2026,2026-09-02,Dhule,Soybean,Kharif,21.2,30.45,184234,217396.12,1.18
2026,2026-09-03,Dhule,Soybean,Kharif,14.4,26.84,184234,217396.12,1.18
2026,2026-08-19,Dhule,Cotton,Kharif,3.0,27.12,248996,107068.28,0.43
2026,2026-08-20,Dhule,Cotton,Kharif,43.6,29.06,248996,107068.28,0.43
2026,2026-08-21,Dhule,Cotton,Kharif,13.0,29.27,248996,107068.28,0.43
2026,2026-08-22,Dhule,Cotton,Kharif,0.0,25.64,248996,107068.28,0.43
2026,2026-08-23,Dhule,Cotton,Kharif,7.2,25.15,248996,107068.28,0.43
2026,2026-08-24,Dhule,Cotton,Kharif,7.9,27.22,248996,107068.28,0.43
2026,2026-08-25,Dhule,Cotton,Kharif,14.7,27.25,248996,107068.28,0.43
2026,2026-08-26,Dhule,Cotton,Kharif,32.5,27.58,248996,107068.28,0.43
2026,2026-08-27,Dhule,Cotton,Kharif,14.6,29.23,248996,107068.28,0.43
2026,2026-08-28,Dhule,Cotton,Kharif,23.3,28.96,248996,107068.28,0.43
2026,2026-08-29,Dhule,Cotton,Kharif,24.3,30.9,248996,107068.28,0.43
2026,2026-08-30,Dhule,Cotton,Kharif,5.5,25.65,248996,107068.28,0.43
2026,2026-08-31,Dhule,Cotton,Kharif,1.4,27.55,248996,107068.28,0.43
2026,2026-09-01,Dhule,Cotton,Kharif,25.9,27.24,248996,107068.28,0.43
2026,2026-09-02,Dhule,Cotton,Kharif,55.1,30.45,248996,107068.28,0.43
2026,2026-09-03,Dhule,Cotton,Kharif,9.4,26.84,248996,107068.28,0.43
2026,2026-08-19,Dhule,Sugarcane,Kharif,5.8,27.12,57861,5164672.86,89.26
2026,2026-08-20,Dhule,Sugarcane,Kharif,17.9,29.06,57861,5164672.86,89.26
2026,2026-08-21,Dhule,Sugarcane,Kharif,13.7,29.27,57861,5164672.86,89.26
2026,2026-08-22,Dhule,Sugarcane,Kharif,52.4,25.64,57861,5164672.86,89.26
2026,2026-08-23,Dhule,Sugarcane,Kharif,1.2,25.15,57861,5164672.86,89.26
2026,2026-08-24,Dhule,Sugarcane,Kharif,20.3,27.22,57861,5164672.86,89.26
2026,2026-08-25,Dhule,Sugarcane,Kharif,6.0,27.25,57861,5164672.86,89.26
2026,2026-08-26,Dhule,Sugarcane,Kharif,2.1,27.58,57861,5164672.86,89.26
2026,2026-08-27,Dhule,Sugarcane,Kharif,0.8,29.23,57861,5164672.86,89.26
2026,2026-08-28,Dhule,Sugarcane,Kharif,21.8,28.96,57861,5164672.86,89.26
2026,2026-08-29,Dhule,Sugarcane,Kharif,1.1,30.9,57861,5164672.86,89.26
2026,2026-08-30,Dhule,Sugarcane,Kharif,45.2,25.65,57861,5164672.86,89.26
2026,2026-08-31,Dhule,Sugarcane,Kharif,57.0,27.55,57861,5164672.86,89.26
2026,2026-09-01,Dhule,Sugarcane,Kharif,18.9,27.24,57861,5164672.86,89.26
2026,2026-09-02,Dhule,Sugarcane,Kharif,17.6,30.45,57861,5164672.86,89.26
2026,2026-09-03,Dhule,Sugarcane,Kharif,9.2,26.84,57861,5164672.86,89.26
2026,2026-08-19,Gadchiroli,Maize,Kharif,1.1,18.35,110323,318833.47,2.89
2026,2026-08-20,Gadchiroli,Maize,Kharif,20.0,17.88,110323,318833.47,2.89
2026,2026-08-21,Gadchiroli,Maize,Kharif,39.4,16.71,110323,318833.47,2.89
2026,2026-08-22,Gadchiroli,Maize,Kharif,39.4,16.23,110323,318833.47,2.89
2026,2026-08-23,Gadchiroli,Maize,Kharif,59.9,19.96,110323,318833.47,2.89
2026,2026-08-24,Gadchiroli,Maize,Kharif,4.6,16.77,110323,318833.47,2.89
2026,2026-08-25,Gadchiroli,Maize,Kharif,42.0,18.96,110323,318833.47,2.89
2026,2026-08-26,Gadchiroli,Maize,Kharif,56.9,16.79,110323,318833.47,2.89
2026,2026-08-27,Gadchiroli,Maize,Kharif,1.1,13.48,110323,318833.47,2.89
2026,2026-08-28,Gadchiroli,Maize,Kharif,2.0,18.86,110323,318833.47,2.89
2026,2026-08-29,Gadchiroli,Maize,Kharif,15.2,17.57,110323,318833.47,2.89
2026,2026-08-30,Gadchiroli,Maize,Kharif,48.6,18.06,110323,318833.47,2.89
2026,2026-08-31,Gadchiroli,Maize,Kharif,37.6,17.5,110323,318833.47,2.89
2026,2026-09-01,Gadchiroli,Maize,Kharif,17.3,16.72,110323,318833.47,2.89
2026,2026-09-02,Gadchiroli,Maize,Kharif,26.8,12.32,110323,318833.47,2.89
2026,2026-09-03,Gadchiroli,Maize,Kharif,26.3,13.92,110323,318833.47,2.89
2026,2026-08-19,Gadchiroli,Soybean,Kharif,9.0,18.35,240517,305456.59,1.27
2026,2026-08-20,Gadchiroli,Soybean,Kharif,0.0,17.88,240517,305456.59,1.27
2026,2026-08-21,Gadchiroli,Soybean,Kharif,17.3,16.71,240517,305456.59,1.27
2026,2026-08-22,Gadchiroli,Soybean,Kharif,55.7,16.23,240517,305456.59,1.27
2026,2026-08-23,Gadchiroli,Soybean,Kharif,24.2,19.96,240517,305456.59,1.27
2026,2026-08-24,Gadchiroli,Soybean,Kharif,1.3,16.77,240517,305456.59,1.27
2026,2026-08-25,Gadchiroli,Soybean,Kharif,14.6,18.96,240517,305456.59,1.27
2026,2026-08-26,Gadchiroli,Soybean,Kharif,15.6,16.79,240517,305456.59,1.27
2026,2026-08-27,Gadchiroli,Soybean,Kharif,11.4,13.48,240517,305456.59,1.27
2026,2026-08-28,Gadchiroli,Soybean,Kharif,42.5,18.86,240517,305456.59,1.27
2026,2026-08-29,Gadchiroli,Soybean,Kharif,23.5,17.57,240517,305456.59,1.27
2026,2026-08-30,Gadchiroli,Soybean,Kharif,1.3,18.06,240517,305456.59,1.27
2026,2026-08-31,Gadchiroli,Soybean,Kharif,13.9,17.5,240517,305456.59,1.27
2026,2026-09-01,Gadchiroli,Soybean,Kharif,11.7,16.72,240517,305456.59,1.27
2026,2026-09-02,Gadchiroli,Soybean,Kharif,0.0,12.32,240517,305456.59,1.27
2026,2026-09-03,Gadchiroli,Soybean,Kharif,9.9,13.92,240517,305456.59,1.27
2026,2026-08-19,Gadchiroli,Cotton,Kharif,1.8,18.35,349643,157339.35,0.45
2026,2026-08-20,Gadchiroli,Cotton,Kharif,7.0,17.88,349643,157339.35,0.45
2026,2026-08-21,Gadchiroli,Cotton,Kharif,0.3,16.71,349643,157339.35,0.45
2026,2026-08-22,Gadchiroli,Cotton,Kharif,7.5,16.23,349643,157339.35,0.45
2026,2026-08-23,Gadchiroli,Cotton,Kharif,2.5,19.96,349643,157339.35,0.45
2026,2026-08-24,Gadchiroli,Cotton,Kharif,16.3,16.77,349643,157339.35,0.45
2026,2026-08-25,Gadchiroli,Cotton,Kharif,8.3,18.96,349643,157339.35,0.45
2026,2026-08-26,Gadchiroli,Cotton,Kharif,6.4,16.79,349643,157339.35,0.45
2026,2026-08-27,Gadchiroli,Cotton,Kharif,13.5,13.48,349643,157339.35,0.45
2026,2026-08-28,Gadchiroli,Cotton,Kharif,8.9,18.86,349643,157339.35,0.45
2026,2026-08-29,Gadchiroli,Cotton,Kharif,20.3,17.57,349643,157339.35,0.45
2026,2026-08-30,Gadchiroli,Cotton,Kharif,1.1,18.06,349643,157339.35,0.45
2026,2026-08-31,Gadchiroli,Cotton,Kharif,16.1,17.5,349643,157339.35,0.45
2026,2026-09-01,Gadchiroli,Cotton,Kharif,15.4,16.72,349643,157339.35,0.45
2026,2026-09-02,Gadchiroli,Cotton,Kharif,17.0,12.32,349643,157339.35,0.45
2026,2026-09-03,Gadchiroli,Cotton,Kharif,0.4,13.92,349643,157339.35,0.45
2026,2026-08-19,Gadchiroli,Sugarcane,Kharif,1.0,18.35,60124,4680052.16,77.84
2026,2026-08-20,Gadchiroli,Sugarcane,Kharif,7.5,17.88,60124,4680052.16,77.84
2026,2026-08-21,Gadchiroli,Sugarcane,Kharif,19.4,16.71,60124,4680052.16,77.84
2026,2026-08-22,Gadchiroli,Sugarcane,Kharif,0.9,16.23,60124,4680052.16,77.84
2026,2026-08-23,Gadchiroli,Sugarcane,Kharif,15.3,19.96,60124,4680052.16,77.84
2026,2026-08-24,Gadchiroli,Sugarcane,Kharif,8.7,16.77,60124,4680052.16,77.84
2026,2026-08-25,Gadchiroli,Sugarcane,Kharif,14.5,18.96,60124,4680052.16,77.84
2026,2026-08-26,Gadchiroli,Sugarcane,Kharif,15.5,16.79,60124,4680052.16,77.84
2026,2026-08-27,Gadchiroli,Sugarcane,Kharif,2.0,13.48,60124,4680052.16,77.84
2026,2026-08-28,Gadchiroli,Sugarcane,Kharif,36.7,18.86,60124,4680052.16,77.84
2026,2026-08-29,Gadchiroli,Sugarcane,Kharif,35.8,17.57,60124,4680052.16,77.84
2026,2026-08-30,Gadchiroli,Sugarcane,Kharif,18.3,18.06,60124,4680052.16,77.84
2026,2026-08-31,Gadchiroli,Sugarcane,Kharif,51.1,17.5,60124,4680052.16,77.84
2026,2026-09-01,Gadchiroli,Sugarcane,Kharif,3.1,16.72,60124,4680052.16,77.84
2026,2026-09-02,Gadchiroli,Sugarcane,Kharif,44.6,12.32,60124,4680052.16,77.84
2026,2026-09-03,Gadchiroli,Sugarcane,Kharif,57.7,13.92,60124,4680052.16,77.84
2026,2026-08-19,Gondia,Maize,Kharif,7.3,22.22,93313,266875.18,2.86
2026,2026-08-20,Gondia,Maize,Kharif,4.0,19.88,93313,266875.18,2.86
2026,2026-08-21,Gondia,Maize,Kharif,16.8,21.51,93313,266875.18,2.86
2026,2026-08-22,Gondia,Maize,Kharif,21.5,24.86,93313,266875.18,2.86
2026,2026-08-23,Gondia,Maize,Kharif,12.6,20.26,93313,266875.18,2.86
2026,2026-08-24,Gondia,Maize,Kharif,0.6,23.08,93313,266875.18,2.86
2026,2026-08-25,Gondia,Maize,Kharif,13.2,20.82,93313,266875.18,2.86
2026,2026-08-26,Gondia,Maize,Kharif,0.0,20.34,93313,266875.18,2.86
2026,2026-08-27,Gondia,Maize,Kharif,9.5,23.26,93313,266875.18,2.86
2026,2026-08-28,Gondia,Maize,Kharif,9.5,23.21,93313,266875.18,2.86
2026,2026-08-29,Gondia,Maize,Kharif,31.1,20.28,93313,266875.18,2.86
2026,2026-08-30,Gondia,Maize,Kharif,1.6,20.97,93313,266875.18,2.86
2026,2026-08-31,Gondia,Maize,Kharif,14.2,17.3,93313,266875.18,2.86
2026,2026-09-01,Gondia,Maize,Kharif,0.4,17.87,93313,266875.18,2.86
2026,2026-09-02,Gondia,Maize,Kharif,0.1,21.61,93313,266875.18,2.86
2026,2026-09-03,Gondia,Maize,Kharif,0.0,18.99,93313,266875.18,2.86
2026,2026-08-19,Gondia,Soybean,Kharif,1.5,22.22,231165,323631.0,1.4
2026,2026-08-20,Gondia,Soybean,Kharif,19.6,19.88,231165,323631.0,1.4
2026,2026-08-21,Gondia,Soybean,Kharif,36.4,21.51,231165,323631.0,1.4
2026,2026-08-22,Gondia,Soybean,Kharif,24.6,24.86,231165,323631.0,1.4
2026,2026-08-23,Gondia,Soybean,Kharif,24.3,20.26,231165,323631.0,1.4
2026,2026-08-24,Gondia,Soybean,Kharif,7.2,23.08,231165,323631.0,1.4
2026,2026-08-25,Gondia,Soybean,Kharif,15.8,20.82,231165,323631.0,1.4
2026,2026-08-26,Gondia,Soybean,Kharif,12.8,20.34,231165,323631.0,1.4
2026,2026-08-27,Gondia,Soybean,Kharif,1.3,23.26,231165,323631.0,1.4
2026,2026-08-28,Gondia,Soybean,Kharif,18.2,23.21,231165,323631.0,1.4
2026,2026-08-29,Gondia,Soybean,Kharif,57.0,20.28,231165,323631.0,1.4
2026,2026-08-30,Gondia,Soybean,Kharif,50.6,20.97,231165,323631.0,1.4
2026,2026-08-31,Gondia,Soybean,Kharif,21.8,17.3,231165,323631.0,1.4
2026,2026-09-01,Gondia,Soybean,Kharif,37.8,17.87,231165,323631.0,1.4
2026,2026-09-02,Gondia,Soybean,Kharif,15.8,21.61,231165,323631.0,1.4
2026,2026-09-03,Gondia,Soybean,Kharif,15.6,18.99,231165,323631.0,1.4
2026,2026-08-19,Gondia,Cotton,Kharif,15.5,22.22,263099,110501.58,0.42
2026,2026-08-20,Gondia,Cotton,Kharif,0.0,19.88,263099,110501.58,0.42
2026,2026-08-21,Gondia,Cotton,Kharif,10.6,21.51,263099,110501.58,0.42
2026,2026-08-22,Gondia,Cotton,Kharif,14.1,24.86,263099,110501.58,0.42
2026,2026-08-23,Gondia,Cotton,Kharif,0.0,20.26,263099,110501.58,0.42
2026,2026-08-24,Gondia,Cotton,Kharif,48.9,23.08,263099,110501.58,0.42
2026,2026-08-25,Gondia,Cotton,Kharif,0.5,20.82,263099,110501.58,0.42
2026,2026-08-26,Gondia,Cotton,Kharif,0.0,20.34,263099,110501.58,0.42
2026,2026-08-27,Gondia,Cotton,Kharif,0.0,23.26,263099,110501.58,0.42
2026,2026-08-28,Gondia,Cotton,Kharif,1.4,23.21,263099,110501.58,0.42
2026,2026-08-29,Gondia,Cotton,Kharif,6.6,20.28,263099,110501.58,0.42
2026,2026-08-30,Gondia,Cotton,Kharif,19.9,20.97,263099,110501.58,0.42
2026,2026-08-31,Gondia,Cotton,Kharif,39.7,17.3,263099,110501.58,0.42
2026,2026-09-01,Gondia,Cotton,Kharif,6.3,17.87,263099,110501.58,0.42
2026,2026-09-02,Gondia,Cotton,Kharif,0.0,21.61,263099,110501.58,0.42
2026,2026-09-03,Gondia,Cotton,Kharif,43.3,18.99,263099,110501.58,0.42
2026,2026-08-19,Gondia,Sugarcane,Kharif,1.9,22.22,90896,7468015.36,82.16
2026,2026-08-20,Gondia,Sugarcane,Kharif,37.9,19.88,90896,7468015.36,82.16
2026,2026-08-21,Gondia,Sugarcane,Kharif,47.0,21.51,90896,7468015.36,82.16
2026,2026-08-22,Gondia,Sugarcane,Kharif,19.9,24.86,90896,7468015.36,82.16
2026,2026-08-23,Gondia,Sugarcane,Kharif,48.8,20.26,90896,7468015.36,82.16
2026,2026-08-24,Gondia,Sugarcane,Kharif,20.8,23.08,90896,7468015.36,82.16
2026,2026-08-25,Gondia,Sugarcane,Kharif,16.8,20.82,90896,7468015.36,82.16
2026,2026-08-26,Gondia,Sugarcane,Kharif,22.6,20.34,90896,7468015.36,82.16
2026,2026-08-27,Gondia,Sugarcane,Kharif,20.5,23.26,90896,7468015.36,82.16
2026,2026-08-28,Gondia,Sugarcane,Kharif,46.7,23.21,90896,7468015.36,82.16
2026,2026-08-29,Gondia,Sugarcane,Kharif,24.2,20.28,90896,7468015.36,82.16
2026,2026-08-30,Gondia,Sugarcane,Kharif,44.3,20.97,90896,7468015.36,82.16
2026,2026-08-31,Gondia,Sugarcane,Kharif,18.9,17.3,90896,7468015.36,82.16
2026,2026-09-01,Gondia,Sugarcane,Kharif,0.5,17.87,90896,7468015.36,82.16
2026,2026-09-02,Gondia,Sugarcane,Kharif,49.5,21.61,90896,7468015.36,82.16
2026,2026-09-03,Gondia,Sugarcane,Kharif,22.0,18.99,90896,7468015.36,82.16
2026,2026-08-19,Hingoli,Maize,Kharif,0.0,30.61,67909,185391.57,2.73
2026,2026-08-20,Hingoli,Maize,Kharif,18.4,26.5,67909,185391.57,2.73
2026,2026-08-21,Hingoli,Maize,Kharif,5.6,29.71,67909,185391.57,2.73
2026,2026-08-22,Hingoli,Maize,Kharif,2.4,29.26,67909,185391.57,2.73
2026,2026-08-23,Hingoli,Maize,Kharif,51.0,31.4,67909,185391.57,2.73
2026,2026-08-24,Hingoli,Maize,Kharif,15.0,27.27,67909,185391.57,2.73
2026,2026-08-25,Hingoli,Maize,Kharif,20.5,32.14,67909,185391.57,2.73
2026,2026-08-26,Hingoli,Maize,Kharif,0.0,26.89,67909,185391.57,2.73
2026,2026-08-27,Hingoli,Maize,Kharif,9.4,27.57,67909,185391.57,2.73
2026,2026-08-28,Hingoli,Maize,Kharif,10.0,30.07,67909,185391.57,2.73
2026,2026-08-29,Hingoli,Maize,Kharif,8.8,30.59,67909,185391.57,2.73
2026,2026-08-30,Hingoli,Maize,Kharif,51.7,27.99,67909,185391.57,2.73
2026,2026-08-31,Hingoli,Maize,Kharif,0.0,27.34,67909,185391.57,2.73
2026,2026-09-01,Hingoli,Maize,Kharif,16.1,32.01,67909,185391.57,2.73
2026,2026-09-02,Hingoli,Maize,Kharif,17.5,28.19,67909,185391.57,2.73
2026,2026-09-03,Hingoli,Maize,Kharif,8.6,30.32,67909,185391.57,2.73
2026,2026-08-19,Hingoli,Soybean,Kharif,10.5,30.61,168473,224069.09,1.33
2026,2026-08-20,Hingoli,Soybean,Kharif,11.2,26.5,168473,224069.09,1.33
2026,2026-08-21,Hingoli,Soybean,Kharif,1.1,29.71,168473,224069.09,1.33
2026,2026-08-22,Hingoli,Soybean,Kharif,1.1,29.26,168473,224069.09,1.33
2026,2026-08-23,Hingoli,Soybean,Kharif,18.8,31.4,168473,224069.09,1.33
2026,2026-08-24,Hingoli,Soybean,Kharif,17.1,27.27,168473,224069.09,1.33
2026,2026-08-25,Hingoli,Soybean,Kharif,23.4,32.14,168473,224069.09,1.33
2026,2026-08-26,Hingoli,Soybean,Kharif,0.2,26.89,168473,224069.09,1.33
2026,2026-08-27,Hingoli,Soybean,Kharif,0.4,27.57,168473,224069.09,1.33
2026,2026-08-28,Hingoli,Soybean,Kharif,0.9,30.07,168473,224069.09,1.33
2026,2026-08-29,Hingoli,Soybean,Kharif,16.5,30.59,168473,224069.09,1.33
2026,2026-08-30,Hingoli,Soybean,Kharif,25.4,27.99,168473,224069.09,1.33
2026,2026-08-31,Hingoli,Soybean,Kharif,0.0,27.34,168473,224069.09,1.33
2026,2026-09-01,Hingoli,Soybean,Kharif,7.7,32.01,168473,224069.09,1.33
2026,2026-09-02,Hingoli,Soybean,Kharif,24.1,28.19,168473,224069.09,1.33
2026,2026-09-03,Hingoli,Soybean,Kharif,54.0,30.32,168473,224069.09,1.33
2026,2026-08-19,Hingoli,Cotton,Kharif,0.0,30.61,329069,144790.36,0.44
2026,2026-08-20,Hingoli,Cotton,Kharif,7.9,26.5,329069,144790.36,0.44
2026,2026-08-21,Hingoli,Cotton,Kharif,7.3,29.71,329069,144790.36,0.44
2026,2026-08-22,Hingoli,Cotton,Kharif,0.0,29.26,329069,144790.36,0.44
2026,2026-08-23,Hingoli,Cotton,Kharif,12.5,31.4,329069,144790.36,0.44
2026,2026-08-24,Hingoli,Cotton,Kharif,37.4,27.27,329069,144790.36,0.44
2026,2026-08-25,Hingoli,Cotton,Kharif,12.2,32.14,329069,144790.36,0.44
2026,2026-08-26,Hingoli,Cotton,Kharif,57.2,26.89,329069,144790.36,0.44
2026,2026-08-27,Hingoli,Cotton,Kharif,8.3,27.57,329069,144790.36,0.44
2026,2026-08-28,Hingoli,Cotton,Kharif,0.1,30.07,329069,144790.36,0.44
2026,2026-08-29,Hingoli,Cotton,Kharif,57.5,30.59,329069,144790.36,0.44
2026,2026-08-30,Hingoli,Cotton,Kharif,24.9,27.99,329069,144790.36,0.44
2026,2026-08-31,Hingoli,Cotton,Kharif,10.6,27.34,329069,144790.36,0.44
2026,2026-09-01,Hingoli,Cotton,Kharif,49.7,32.01,329069,144790.36,0.44
2026,2026-09-02,Hingoli,Cotton,Kharif,5.0,28.19,329069,144790.36,0.44
2026,2026-09-03,Hingoli,Cotton,Kharif,0.3,30.32,329069,144790.36,0.44
2026,2026-08-19,Hingoli,Sugarcane,Kharif,2.0,30.61,51668,4136540.08,80.06
2026,2026-08-20,Hingoli,Sugarcane,Kharif,15.5,26.5,51668,4136540.08,80.06
2026,2026-08-21,Hingoli,Sugarcane,Kharif,5.5,29.71,51668,4136540.08,80.06
2026,2026-08-22,Hingoli,Sugarcane,Kharif,2.0,29.26,51668,4136540.08,80.06
2026,2026-08-23,Hingoli,Sugarcane,Kharif,0.0,31.4,51668,4136540.08,80.06
2026,2026-08-24,Hingoli,Sugarcane,Kharif,0.9,27.27,51668,4136540.08,80.06
2026,2026-08-25,Hingoli,Sugarcane,Kharif,9.7,32.14,51668,4136540.08,80.06
2026,2026-08-26,Hingoli,Sugarcane,Kharif,12.2,26.89,51668,4136540.08,80.06
2026,2026-08-27,Hingoli,Sugarcane,Kharif,0.0,27.57,51668,4136540.08,80.06
2026,2026-08-28,Hingoli,Sugarcane,Kharif,16.1,30.07,51668,4136540.08,80.06
2026,2026-08-29,Hingoli,Sugarcane,Kharif,47.3,30.59,51668,4136540.08,80.06
2026,2026-08-30,Hingoli,Sugarcane,Kharif,11.0,27.99,51668,4136540.08,80.06
2026,2026-08-31,Hingoli,Sugarcane,Kharif,45.8,27.34,51668,4136540.08,80.06
2026,2026-09-01,Hingoli,Sugarcane,Kharif,8.0,32.01,51668,4136540.08,80.06
2026,2026-09-02,Hingoli,Sugarcane,Kharif,6.9,28.19,51668,4136540.08,80.06
2026,2026-09-03,Hingoli,Sugarcane,Kharif,9.0,30.32,51668,4136540.08,80.06
2026,2026-08-19,Jalgaon,Maize,Kharif,4.9,18.1,116790,352705.8,3.02
2026,2026-08-20,Jalgaon,Maize,Kharif,7.6,19.21,116790,352705.8,3.02
2026,2026-08-21,Jalgaon,Maize,Kharif,0.0,18.96,116790,352705.8,3.02
2026,2026-08-22,Jalgaon,Maize,Kharif,1.1,21.55,116790,352705.8,3.02
2026,2026-08-23,Jalgaon,Maize,Kharif,7.6,17.29,116790,352705.8,3.02
2026,2026-08-24,Jalgaon,Maize,Kharif,12.3,20.48,116790,352705.8,3.02
2026,2026-08-25,Jalgaon,Maize,Kharif,0.4,17.73,116790,352705.8,3.02
2026,2026-08-26,Jalgaon,Maize,Kharif,0.7,18.79,116790,352705.8,3.02
2026,2026-08-27,Jalgaon,Maize,Kharif,1.2,20.57,116790,352705.8,3.02
2026,2026-08-28,Jalgaon,Maize,Kharif,5.3,18.46,116790,352705.8,3.02
2026,2026-08-29,Jalgaon,Maize,Kharif,6.0,18.67,116790,352705.8,3.02
2026,2026-08-30,Jalgaon,Maize,Kharif,1.8,21.41,116790,352705.8,3.02
2026,2026-08-31,Jalgaon,Maize,Kharif,59.5,17.45,116790,352705.8,3.02
2026,2026-09-01,Jalgaon,Maize,Kharif,15.7,19.89,116790,352705.8,3.02
2026,2026-09-02,Jalgaon,Maize,Kharif,4.9,23.25,116790,352705.8,3.02
2026,2026-09-03,Jalgaon,Maize,Kharif,11.1,23.35,116790,352705.8,3.02
2026,2026-08-19,Jalgaon,Soybean,Kharif,0.9,18.1,282182,392232.98,1.39
2026,2026-08-20,Jalgaon,Soybean,Kharif,11.7,19.21,282182,392232.98,1.39
2026,2026-08-21,Jalgaon,Soybean,Kharif,15.2,18.96,282182,392232.98,1.39
2026,2026-08-22,Jalgaon,Soybean,Kharif,7.3,21.55,282182,392232.98,1.39
2026,2026-08-23,Jalgaon,Soybean,Kharif,7.3,17.29,282182,392232.98,1.39
2026,2026-08-24,Jalgaon,Soybean,Kharif,0.6,20.48,282182,392232.98,1.39
2026,2026-08-25,Jalgaon,Soybean,Kharif,43.3,17.73,282182,392232.98,1.39
2026,2026-08-26,Jalgaon,Soybean,Kharif,17.2,18.79,282182,392232.98,1.39
2026,2026-08-27,Jalgaon,Soybean,Kharif,8.1,20.57,282182,392232.98,1.39
2026,2026-08-28,Jalgaon,Soybean,Kharif,28.6,18.46,282182,392232.98,1.39
2026,2026-08-29,Jalgaon,Soybean,Kharif,0.6,18.67,282182,392232.98,1.39
2026,2026-08-30,Jalgaon,Soybean,Kharif,40.0,21.41,282182,392232.98,1.39
2026,2026-08-31,Jalgaon,Soybean,Kharif,0.0,17.45,282182,392232.98,1.39
2026,2026-09-01,Jalgaon,Soybean,Kharif,59.2,19.89,282182,392232.98,1.39
2026,2026-09-02,Jalgaon,Soybean,Kharif,11.7,23.25,282182,392232.98,1.39
2026,2026-09-03,Jalgaon,Soybean,Kharif,6.1,23.35,282182,392232.98,1.39
2026,2026-08-19,Jalgaon,Cotton,Kharif,13.1,18.1,197928,93026.16,0.47
2026,2026-08-20,Jalgaon,Cotton,Kharif,1.1,19.21,197928,93026.16,0.47
2026,2026-08-21,Jalgaon,Cotton,Kharif,2.5,18.96,197928,93026.16,0.47
2026,2026-08-22,Jalgaon,Cotton,Kharif,5.6,21.55,197928,93026.16,0.47
2026,2026-08-23,Jalgaon,Cotton,Kharif,46.5,17.29,197928,93026.16,0.47
2026,2026-08-24,Jalgaon,Cotton,Kharif,0.7,20.48,197928,93026.16,0.47
2026,2026-08-25,Jalgaon,Cotton,Kharif,6.7,17.73,197928,93026.16,0.47
2026,2026-08-26,Jalgaon,Cotton,Kharif,21.7,18.79,197928,93026.16,0.47
2026,2026-08-27,Jalgaon,Cotton,Kharif,1.9,20.57,197928,93026.16,0.47
2026,2026-08-28,Jalgaon,Cotton,Kharif,14.9,18.46,197928,93026.16,0.47
2026,2026-08-29,Jalgaon,Cotton,Kharif,3.0,18.67,197928,93026.16,0.47
2026,2026-08-30,Jalgaon,Cotton,Kharif,0.0,21.41,197928,93026.16,0.47
2026,2026-08-31,Jalgaon,Cotton,Kharif,2.0,17.45,197928,93026.16,0.47
2026,2026-09-01,Jalgaon,Cotton,Kharif,2.1,19.89,197928,93026.16,0.47
2026,2026-09-02,Jalgaon,Cotton,Kharif,52.3,23.25,197928,93026.16,0.47
2026,2026-09-03,Jalgaon,Cotton,Kharif,15.4,23.35,197928,93026.16,0.47
2026,2026-08-19,Jalgaon,Sugarcane,Kharif,28.7,18.1,77631,6413096.91,82.61
2026,2026-08-20,Jalgaon,Sugarcane,Kharif,14.8,19.21,77631,6413096.91,82.61
2026,2026-08-21,Jalgaon,Sugarcane,Kharif,1.5,18.96,77631,6413096.91,82.61
2026,2026-08-22,Jalgaon,Sugarcane,Kharif,13.7,21.55,77631,6413096.91,82.61
2026,2026-08-23,Jalgaon,Sugarcane,Kharif,2.0,17.29,77631,6413096.91,82.61
2026,2026-08-24,Jalgaon,Sugarcane,Kharif,29.9,20.48,77631,6413096.91,82.61
2026,2026-08-25,Jalgaon,Sugarcane,Kharif,21.2,17.73,77631,6413096.91,82.61
2026,2026-08-26,Jalgaon,Sugarcane,Kharif,0.0,18.79,77631,6413096.91,82.61
2026,2026-08-27,Jalgaon,Sugarcane,Kharif,0.5,20.57,77631,6413096.91,82.61
2026,2026-08-28,Jalgaon,Sugarcane,Kharif,10.3,18.46,77631,6413096.91,82.61
2026,2026-08-29,Jalgaon,Sugarcane,Kharif,19.6,18.67,77631,6413096.91,82.61
2026,2026-08-30,Jalgaon,Sugarcane,Kharif,10.1,21.41,77631,6413096.91,82.61
2026,2026-08-31,Jalgaon,Sugarcane,Kharif,29.5,17.45,77631,6413096.91,82.61
2026,2026-09-01,Jalgaon,Sugarcane,Kharif,19.8,19.89,77631,6413096.91,82.61
2026,2026-09-02,Jalgaon,Sugarcane,Kharif,0.8,23.25,77631,6413096.91,82.61
2026,2026-09-03,Jalgaon,Sugarcane,Kharif,37.9,23.35,77631,6413096.91,82.61
2026,2026-08-19,Jalna,Maize,Kharif,0.6,20.65,77408,238416.64,3.08
2026,2026-08-20,Jalna,Maize,Kharif,25.3,20.54,77408,238416.64,3.08
2026,2026-08-21,Jalna,Maize,Kharif,14.8,24.12,77408,238416.64,3.08
2026,2026-08-22,Jalna,Maize,Kharif,24.8,23.38,77408,238416.64,3.08
2026,2026-08-23,Jalna,Maize,Kharif,21.0,22.94,77408,238416.64,3.08
2026,2026-08-24,Jalna,Maize,Kharif,30.0,19.46,77408,238416.64,3.08
2026,2026-08-25,Jalna,Maize,Kharif,1.7,17.76,77408,238416.64,3.08
2026,2026-08-26,Jalna,Maize,Kharif,21.7,21.39,77408,238416.64,3.08
2026,2026-08-27,Jalna,Maize,Kharif,41.1,20.18,77408,238416.64,3.08
2026,2026-08-28,Jalna,Maize,Kharif,19.5,19.2,77408,238416.64,3.08
2026,2026-08-29,Jalna,Maize,Kharif,5.0,21.03,77408,238416.64,3.08
2026,2026-08-30,Jalna,Maize,Kharif,16.4,18.6,77408,238416.64,3.08
2026,2026-08-31,Jalna,Maize,Kharif,28.4,14.3,77408,238416.64,3.08
2026,2026-09-01,Jalna,Maize,Kharif,34.3,18.73,77408,238416.64,3.08
2026,2026-09-02,Jalna,Maize,Kharif,1.2,15.2,77408,238416.64,3.08
2026,2026-09-03,Jalna,Maize,Kharif,17.2,16.95,77408,238416.64,3.08
2026,2026-08-19,Jalna,Soybean,Kharif,14.7,20.65,168724,215966.72,1.28
2026,2026-08-20,Jalna,Soybean,Kharif,20.1,20.54,168724,215966.72,1.28
2026,2026-08-21,Jalna,Soybean,Kharif,1.7,24.12,168724,215966.72,1.28
2026,2026-08-22,Jalna,Soybean,Kharif,16.4,23.38,168724,215966.72,1.28
2026,2026-08-23,Jalna,Soybean,Kharif,13.1,22.94,168724,215966.72,1.28
2026,2026-08-24,Jalna,Soybean,Kharif,48.2,19.46,168724,215966.72,1.28
2026,2026-08-25,Jalna,Soybean,Kharif,20.7,17.76,168724,215966.72,1.28
2026,2026-08-26,Jalna,Soybean,Kharif,11.0,21.39,168724,215966.72,1.28
2026,2026-08-27,Jalna,Soybean,Kharif,12.2,20.18,168724,215966.72,1.28
2026,2026-08-28,Jalna,Soybean,Kharif,8.2,19.2,168724,215966.72,1.28
2026,2026-08-29,Jalna,Soybean,Kharif,9.2,21.03,168724,215966.72,1.28
2026,2026-08-30,Jalna,Soybean,Kharif,16.6,18.6,168724,215966.72,1.28
2026,2026-08-31,Jalna,Soybean,Kharif,0.2,14.3,168724,215966.72,1.28
2026,2026-09-01,Jalna,Soybean,Kharif,16.9,18.73,168724,215966.72,1.28
2026,2026-09-02,Jalna,Soybean,Kharif,15.8,15.2,168724,215966.72,1.28
2026,2026-09-03,Jalna,Soybean,Kharif,10.1,16.95,168724,215966.72,1.28
2026,2026-08-19,Jalna,Cotton,Kharif,12.2,20.65,272225,133390.25,0.49
2026,2026-08-20,Jalna,Cotton,Kharif,18.2,20.54,272225,133390.25,0.49
2026,2026-08-21,Jalna,Cotton,Kharif,17.9,24.12,272225,133390.25,0.49
2026,2026-08-22,Jalna,Cotton,Kharif,7.8,23.38,272225,133390.25,0.49
2026,2026-08-23,Jalna,Cotton,Kharif,0.6,22.94,272225,133390.25,0.49
2026,2026-08-24,Jalna,Cotton,Kharif,14.9,19.46,272225,133390.25,0.49
2026,2026-08-25,Jalna,Cotton,Kharif,0.3,17.76,272225,133390.25,0.49
2026,2026-08-26,Jalna,Cotton,Kharif,10.3,21.39,272225,133390.25,0.49
2026,2026-08-27,Jalna,Cotton,Kharif,47.6,20.18,272225,133390.25,0.49
2026,2026-08-28,Jalna,Cotton,Kharif,4.4,19.2,272225,133390.25,0.49
2026,2026-08-29,Jalna,Cotton,Kharif,0.2,21.03,272225,133390.25,0.49
2026,2026-08-30,Jalna,Cotton,Kharif,9.5,18.6,272225,133390.25,0.49
2026,2026-08-31,Jalna,Cotton,Kharif,8.8,14.3,272225,133390.25,0.49
2026,2026-09-01,Jalna,Cotton,Kharif,6.2,18.73,272225,133390.25,0.49
2026,2026-09-02,Jalna,Cotton,Kharif,17.6,15.2,272225,133390.25,0.49
2026,2026-09-03,Jalna,Cotton,Kharif,7.1,16.95,272225,133390.25,0.49
2026,2026-08-19,Jalna,Sugarcane,Kharif,0.2,20.65,85785,6701524.2,78.12
2026,2026-08-20,Jalna,Sugarcane,Kharif,2.4,20.54,85785,6701524.2,78.12
2026,2026-08-21,Jalna,Sugarcane,Kharif,6.0,24.12,85785,6701524.2,78.12
2026,2026-08-22,Jalna,Sugarcane,Kharif,1.4,23.38,85785,6701524.2,78.12
2026,2026-08-23,Jalna,Sugarcane,Kharif,27.0,22.94,85785,6701524.2,78.12
2026,2026-08-24,Jalna,Sugarcane,Kharif,37.6,19.46,85785,6701524.2,78.12
2026,2026-08-25,Jalna,Sugarcane,Kharif,16.1,17.76,85785,6701524.2,78.12
2026,2026-08-26,Jalna,Sugarcane,Kharif,46.2,21.39,85785,6701524.2,78.12
2026,2026-08-27,Jalna,Sugarcane,Kharif,9.3,20.18,85785,6701524.2,78.12
2026,2026-08-28,Jalna,Sugarcane,Kharif,0.0,19.2,85785,6701524.2,78.12
2026,2026-08-29,Jalna,Sugarcane,Kharif,25.5,21.03,85785,6701524.2,78.12
2026,2026-08-30,Jalna,Sugarcane,Kharif,20.0,18.6,85785,6701524.2,78.12
2026,2026-08-31,Jalna,Sugarcane,Kharif,6.1,14.3,85785,6701524.2,78.12
2026,2026-09-01,Jalna,Sugarcane,Kharif,12.8,18.73,85785,6701524.2,78.12
2026,2026-09-02,Jalna,Sugarcane,Kharif,0.4,15.2,85785,6701524.2,78.12
2026,2026-09-03,Jalna,Sugarcane,Kharif,12.4,16.95,85785,6701524.2,78.12
2026,2026-08-19,Kolhapur,Maize,Kharif,4.3,30.1,90031,252987.11,2.81
2026,2026-08-20,Kolhapur,Maize,Kharif,16.0,30.43,90031,252987.11,2.81
2026,2026-08-21,Kolhapur,Maize,Kharif,4.6,30.82,90031,252987.11,2.81
2026,2026-08-22,Kolhapur,Maize,Kharif,59.6,33.93,90031,252987.11,2.81
2026,2026-08-23,Kolhapur,Maize,Kharif,12.3,32.69,90031,252987.11,2.81
2026,2026-08-24,Kolhapur,Maize,Kharif,1.9,35.12,90031,252987.11,2.81
2026,2026-08-25,Kolhapur,Maize,Kharif,28.0,36.24,90031,252987.11,2.81
2026,2026-08-26,Kolhapur,Maize,Kharif,38.2,33.59,90031,252987.11,2.81
2026,2026-08-27,Kolhapur,Maize,Kharif,41.2,36.61,90031,252987.11,2.81
2026,2026-08-28,Kolhapur,Maize,Kharif,0.0,34.83,90031,252987.11,2.81
2026,2026-08-29,Kolhapur,Maize,Kharif,7.1,36.62,90031,252987.11,2.81
2026,2026-08-30,Kolhapur,Maize,Kharif,0.0,39.56,90031,252987.11,2.81
2026,2026-08-31,Kolhapur,Maize,Kharif,5.2,39.64,90031,252987.11,2.81
2026,2026-09-01,Kolhapur,Maize,Kharif,14.4,35.56,90031,252987.11,2.81
2026,2026-09-02,Kolhapur,Maize,Kharif,8.8,37.98,90031,252987.11,2.81
2026,2026-09-03,Kolhapur,Maize,Kharif,3.8,37.54,90031,252987.11,2.81
2026,2026-08-19,Kolhapur,Soybean,Kharif,44.2,30.1,274466,384252.4,1.4
2026,2026-08-20,Kolhapur,Soybean,Kharif,43.2,30.43,274466,384252.4,1.4
2026,2026-08-21,Kolhapur,Soybean,Kharif,1.5,30.82,274466,384252.4,1.4
2026,2026-08-22,Kolhapur,Soybean,Kharif,9.5,33.93,274466,384252.4,1.4
2026,2026-08-23,Kolhapur,Soybean,Kharif,1.8,32.69,274466,384252.4,1.4
2026,2026-08-24,Kolhapur,Soybean,Kharif,19.7,35.12,274466,384252.4,1.4
2026,2026-08-25,Kolhapur,Soybean,Kharif,14.4,36.24,274466,384252.4,1.4
2026,2026-08-26,Kolhapur,Soybean,Kharif,12.1,33.59,274466,384252.4,1.4
2026,2026-08-27,Kolhapur,Soybean,Kharif,16.7,36.61,274466,384252.4,1.4
2026,2026-08-28,Kolhapur,Soybean,Kharif,1.4,34.83,274466,384252.4,1.4
2026,2026-08-29,Kolhapur,Soybean,Kharif,5.7,36.62,274466,384252.4,1.4
2026,2026-08-30,Kolhapur,Soybean,Kharif,9.5,39.56,274466,384252.4,1.4
2026,2026-08-31,Kolhapur,Soybean,Kharif,1.6,39.64,274466,384252.4,1.4
2026,2026-09-01,Kolhapur,Soybean,Kharif,8.3,35.56,274466,384252.4,1.4
2026,2026-09-02,Kolhapur,Soybean,Kharif,1.7,37.98,274466,384252.4,1.4
2026,2026-09-03,Kolhapur,Soybean,Kharif,30.7,37.54,274466,384252.4,1.4
2026,2026-08-19,Kolhapur,Cotton,Kharif,9.1,30.1,246138,113223.48,0.46
2026,2026-08-20,Kolhapur,Cotton,Kharif,1.3,30.43,246138,113223.48,0.46
2026,2026-08-21,Kolhapur,Cotton,Kharif,14.9,30.82,246138,113223.48,0.46
2026,2026-08-22,Kolhapur,Cotton,Kharif,6.4,33.93,246138,113223.48,0.46
2026,2026-08-23,Kolhapur,Cotton,Kharif,0.0,32.69,246138,113223.48,0.46
2026,2026-08-24,Kolhapur,Cotton,Kharif,21.5,35.12,246138,113223.48,0.46
2026,2026-08-25,Kolhapur,Cotton,Kharif,4.8,36.24,246138,113223.48,0.46
2026,2026-08-26,Kolhapur,Cotton,Kharif,20.7,33.59,246138,113223.48,0.46
2026,2026-08-27,Kolhapur,Cotton,Kharif,8.9,36.61,246138,113223.48,0.46
2026,2026-08-28,Kolhapur,Cotton,Kharif,8.7,34.83,246138,113223.48,0.46
2026,2026-08-29,Kolhapur,Cotton,Kharif,0.5,36.62,246138,113223.48,0.46
2026,2026-08-30,Kolhapur,Cotton,Kharif,21.4,39.56,246138,113223.48,0.46
2026,2026-08-31,Kolhapur,Cotton,Kharif,9.8,39.64,246138,113223.48,0.46
2026,2026-09-01,Kolhapur,Cotton,Kharif,45.6,35.56,246138,113223.48,0.46
2026,2026-09-02,Kolhapur,Cotton,Kharif,0.1,37.98,246138,113223.48,0.46
2026,2026-09-03,Kolhapur,Cotton,Kharif,8.6,37.54,246138,113223.48,0.46
2026,2026-08-19,Kolhapur,Sugarcane,Kharif,38.4,30.1,74576,5690894.56,76.31
2026,2026-08-20,Kolhapur,Sugarcane,Kharif,7.6,30.43,74576,5690894.56,76.31
2026,2026-08-21,Kolhapur,Sugarcane,Kharif,28.1,30.82,74576,5690894.56,76.31
2026,2026-08-22,Kolhapur,Sugarcane,Kharif,1.1,33.93,74576,5690894.56,76.31
2026,2026-08-23,Kolhapur,Sugarcane,Kharif,1.3,32.69,74576,5690894.56,76.31
2026,2026-08-24,Kolhapur,Sugarcane,Kharif,30.0,35.12,74576,5690894.56,76.31
2026,2026-08-25,Kolhapur,Sugarcane,Kharif,8.1,36.24,74576,5690894.56,76.31
2026,2026-08-26,Kolhapur,Sugarcane,Kharif,8.0,33.59,74576,5690894.56,76.31
2026,2026-08-27,Kolhapur,Sugarcane,Kharif,13.4,36.61,74576,5690894.56,76.31
2026,2026-08-28,Kolhapur,Sugarcane,Kharif,1.5,34.83,74576,5690894.56,76.31
2026,2026-08-29,Kolhapur,Sugarcane,Kharif,8.6,36.62,74576,5690894.56,76.31
2026,2026-08-30,Kolhapur,Sugarcane,Kharif,18.0,39.56,74576,5690894.56,76.31
2026,2026-08-31,Kolhapur,Sugarcane,Kharif,0.6,39.64,74576,5690894.56,76.31
2026,2026-09-01,Kolhapur,Sugarcane,Kharif,1.1,35.56,74576,5690894.56,76.31
2026,2026-09-02,Kolhapur,Sugarcane,Kharif,9.7,37.98,74576,5690894.56,76.31
2026,2026-09-03,Kolhapur,Sugarcane,Kharif,13.5,37.54,74576,5690894.56,76.31
2026,2026-08-19,Latur,Maize,Kharif,9.9,31.62,104175,314608.5,3.02
2026,2026-08-20,Latur,Maize,Kharif,12.5,30.31,104175,314608.5,3.02
2026,2026-08-21,Latur,Maize,Kharif,20.9,27.57,104175,314608.5,3.02
2026,2026-08-22,Latur,Maize,Kharif,38.1,29.95,104175,314608.5,3.02
2026,2026-08-23,Latur,Maize,Kharif,47.4,28.31,104175,314608.5,3.02
2026,2026-08-24,Latur,Maize,Kharif,1.0,27.07,104175,314608.5,3.02
2026,2026-08-25,Latur,Maize,Kharif,27.7,24.07,104175,314608.5,3.02
2026,2026-08-26,Latur,Maize,Kharif,45.3,23.96,104175,314608.5,3.02
2026,2026-08-27,Latur,Maize,Kharif,38.3,28.32,104175,314608.5,3.02
2026,2026-08-28,Latur,Maize,Kharif,49.2,27.94,104175,314608.5,3.02
2026,2026-08-29,Latur,Maize,Kharif,18.7,25.3,104175,314608.5,3.02
2026,2026-08-30,Latur,Maize,Kharif,23.5,26.54,104175,314608.5,3.02
2026,2026-08-31,Latur,Maize,Kharif,2.1,24.53,104175,314608.5,3.02
2026,2026-09-01,Latur,Maize,Kharif,0.1,21.42,104175,314608.5,3.02
2026,2026-09-02,Latur,Maize,Kharif,24.7,20.8,104175,314608.5,3.02
2026,2026-09-03,Latur,Maize,Kharif,22.7,21.39,104175,314608.5,3.02
2026,2026-08-19,Latur,Soybean,Kharif,6.8,31.62,256778,336379.18,1.31
2026,2026-08-20,Latur,Soybean,Kharif,15.1,30.31,256778,336379.18,1.31
2026,2026-08-21,Latur,Soybean,Kharif,1.1,27.57,256778,336379.18,1.31
2026,2026-08-22,Latur,Soybean,Kharif,13.9,29.95,256778,336379.18,1.31
2026,2026-08-23,Latur,Soybean,Kharif,21.9,28.31,256778,336379.18,1.31
2026,2026-08-24,Latur,Soybean,Kharif,18.7,27.07,256778,336379.18,1.31
2026,2026-08-25,Latur,Soybean,Kharif,5.9,24.07,256778,336379.18,1.31
2026,2026-08-26,Latur,Soybean,Kharif,21.3,23.96,256778,336379.18,1.31
2026,2026-08-27,Latur,Soybean,Kharif,1.4,28.32,256778,336379.18,1.31
2026,2026-08-28,Latur,Soybean,Kharif,4.7,27.94,256778,336379.18,1.31
2026,2026-08-29,Latur,Soybean,Kharif,18.3,25.3,256778,336379.18,1.31
2026,2026-08-30,Latur,Soybean,Kharif,16.3,26.54,256778,336379.18,1.31
2026,2026-08-31,Latur,Soybean,Kharif,9.8,24.53,256778,336379.18,1.31
2026,2026-09-01,Latur,Soybean,Kharif,10.8,21.42,256778,336379.18,1.31
2026,2026-09-02,Latur,Soybean,Kharif,24.3,20.8,256778,336379.18,1.31
2026,2026-09-03,Latur,Soybean,Kharif,23.7,21.39,256778,336379.18,1.31
2026,2026-08-19,Latur,Cotton,Kharif,48.1,31.62,196096,84321.28,0.43
2026,2026-08-20,Latur,Cotton,Kharif,7.4,30.31,196096,84321.28,0.43
2026,2026-08-21,Latur,Cotton,Kharif,1.6,27.57,196096,84321.28,0.43
2026,2026-08-22,Latur,Cotton,Kharif,3.5,29.95,196096,84321.28,0.43
2026,2026-08-23,Latur,Cotton,Kharif,54.3,28.31,196096,84321.28,0.43
2026,2026-08-24,Latur,Cotton,Kharif,1.6,27.07,196096,84321.28,0.43
2026,2026-08-25,Latur,Cotton,Kharif,19.9,24.07,196096,84321.28,0.43
2026,2026-08-26,Latur,Cotton,Kharif,13.2,23.96,196096,84321.28,0.43
2026,2026-08-27,Latur,Cotton,Kharif,0.9,28.32,196096,84321.28,0.43
2026,2026-08-28,Latur,Cotton,Kharif,0.0,27.94,196096,84321.28,0.43
2026,2026-08-29,Latur,Cotton,Kharif,8.3,25.3,196096,84321.28,0.43
2026,2026-08-30,Latur,Cotton,Kharif,16.6,26.54,196096,84321.28,0.43
2026,2026-08-31,Latur,Cotton,Kharif,14.6,24.53,196096,84321.28,0.43
2026,2026-09-01,Latur,Cotton,Kharif,5.9,21.42,196096,84321.28,0.43
2026,2026-09-02,Latur,Cotton,Kharif,41.1,20.8,196096,84321.28,0.43
2026,2026-09-03,Latur,Cotton,Kharif,8.1,21.39,196096,84321.28,0.43
2026,2026-08-19,Latur,Sugarcane,Kharif,27.0,31.62,49818,4435794.72,89.04
2026,2026-08-20,Latur,Sugarcane,Kharif,6.0,30.31,49818,4435794.72,89.04
2026,2026-08-21,Latur,Sugarcane,Kharif,53.5,27.57,49818,4435794.72,89.04
2026,2026-08-22,Latur,Sugarcane,Kharif,9.0,29.95,49818,4435794.72,89.04
2026,2026-08-23,Latur,Sugarcane,Kharif,20.1,28.31,49818,4435794.72,89.04
2026,2026-08-24,Latur,Sugarcane,Kharif,19.5,27.07,49818,4435794.72,89.04
2026,2026-08-25,Latur,Sugarcane,Kharif,16.3,24.07,49818,4435794.72,89.04
2026,2026-08-26,Latur,Sugarcane,Kharif,39.5,23.96,49818,4435794.72,89.04
2026,2026-08-27,Latur,Sugarcane,Kharif,32.4,28.32,49818,4435794.72,89.04
2026,2026-08-28,Latur,Sugarcane,Kharif,0.9,27.94,49818,4435794.72,89.04
2026,2026-08-29,Latur,Sugarcane,Kharif,10.3,25.3,49818,4435794.72,89.04
2026,2026-08-30,Latur,Sugarcane,Kharif,7.9,26.54,49818,4435794.72,89.04
2026,2026-08-31,Latur,Sugarcane,Kharif,0.4,24.53,49818,4435794.72,89.04
2026,2026-09-01,Latur,Sugarcane,Kharif,21.6,21.42,49818,4435794.72,89.04
2026,2026-09-02,Latur,Sugarcane,Kharif,6.3,20.8,49818,4435794.72,89.04
2026,2026-09-03,Latur,Sugarcane,Kharif,6.4,21.39,49818,4435794.72,89.04
2026,2026-08-19,Mumbai,Maize,Kharif,20.6,24.63,110450,353440.0,3.2
2026,2026-08-20,Mumbai,Maize,Kharif,31.1,25.41,110450,353440.0,3.2
2026,2026-08-21,Mumbai,Maize,Kharif,23.1,26.04,110450,353440.0,3.2
2026,2026-08-22,Mumbai,Maize,Kharif,15.2,22.31,110450,353440.0,3.2
2026,2026-08-23,Mumbai,Maize,Kharif,23.6,22.94,110450,353440.0,3.2
2026,2026-08-24,Mumbai,Maize,Kharif,35.0,22.46,110450,353440.0,3.2
2026,2026-08-25,Mumbai,Maize,Kharif,1.0,26.92,110450,353440.0,3.2
2026,2026-08-26,Mumbai,Maize,Kharif,14.3,27.95,110450,353440.0,3.2
2026,2026-08-27,Mumbai,Maize,Kharif,11.2,25.48,110450,353440.0,3.2
2026,2026-08-28,Mumbai,Maize,Kharif,12.1,27.16,110450,353440.0,3.2
2026,2026-08-29,Mumbai,Maize,Kharif,52.8,24.77,110450,353440.0,3.2
2026,2026-08-30,Mumbai,Maize,Kharif,1.8,29.82,110450,353440.0,3.2
2026,2026-08-31,Mumbai,Maize,Kharif,48.0,29.83,110450,353440.0,3.2
2026,2026-09-01,Mumbai,Maize,Kharif,15.0,30.89,110450,353440.0,3.2
2026,2026-09-02,Mumbai,Maize,Kharif,18.2,30.3,110450,353440.0,3.2
2026,2026-09-03,Mumbai,Maize,Kharif,0.3,31.12,110450,353440.0,3.2
2026,2026-08-19,Mumbai,Soybean,Kharif,1.1,24.63,194591,231563.29,1.19
2026,2026-08-20,Mumbai,Soybean,Kharif,20.9,25.41,194591,231563.29,1.19
2026,2026-08-21,Mumbai,Soybean,Kharif,40.9,26.04,194591,231563.29,1.19
2026,2026-08-22,Mumbai,Soybean,Kharif,15.7,22.31,194591,231563.29,1.19
2026,2026-08-23,Mumbai,Soybean,Kharif,34.6,22.94,194591,231563.29,1.19
2026,2026-08-24,Mumbai,Soybean,Kharif,18.8,22.46,194591,231563.29,1.19
2026,2026-08-25,Mumbai,Soybean,Kharif,0.4,26.92,194591,231563.29,1.19
2026,2026-08-26,Mumbai,Soybean,Kharif,27.2,27.95,194591,231563.29,1.19
2026,2026-08-27,Mumbai,Soybean,Kharif,24.1,25.48,194591,231563.29,1.19
2026,2026-08-28,Mumbai,Soybean,Kharif,25.4,27.16,194591,231563.29,1.19
2026,2026-08-29,Mumbai,Soybean,Kharif,1.2,24.77,194591,231563.29,1.19
2026,2026-08-30,Mumbai,Soybean,Kharif,16.8,29.82,194591,231563.29,1.19
2026,2026-08-31,Mumbai,Soybean,Kharif,21.0,29.83,194591,231563.29,1.19
2026,2026-09-01,Mumbai,Soybean,Kharif,25.4,30.89,194591,231563.29,1.19
2026,2026-09-02,Mumbai,Soybean,Kharif,27.1,30.3,194591,231563.29,1.19
2026,2026-09-03,Mumbai,Soybean,Kharif,1.7,31.12,194591,231563.29,1.19
2026,2026-08-19,Mumbai,Cotton,Kharif,0.5,24.63,343505,168317.45,0.49
2026,2026-08-20,Mumbai,Cotton,Kharif,0.6,25.41,343505,168317.45,0.49
2026,2026-08-21,Mumbai,Cotton,Kharif,8.8,26.04,343505,168317.45,0.49
2026,2026-08-22,Mumbai,Cotton,Kharif,35.8,22.31,343505,168317.45,0.49
2026,2026-08-23,Mumbai,Cotton,Kharif,6.0,22.94,343505,168317.45,0.49
2026,2026-08-24,Mumbai,Cotton,Kharif,11.5,22.46,343505,168317.45,0.49
2026,2026-08-25,Mumbai,Cotton,Kharif,5.5,26.92,343505,168317.45,0.49
2026,2026-08-26,Mumbai,Cotton,Kharif,12.3,27.95,343505,168317.45,0.49
2026,2026-08-27,Mumbai,Cotton,Kharif,12.5,25.48,343505,168317.45,0.49
2026,2026-08-28,Mumbai,Cotton,Kharif,38.3,27.16,343505,168317.45,0.49
2026,2026-08-29,Mumbai,Cotton,Kharif,3.7,24.77,343505,168317.45,0.49
2026,2026-08-30,Mumbai,Cotton,Kharif,19.7,29.82,343505,168317.45,0.49
2026,2026-08-31,Mumbai,Cotton,Kharif,10.7,29.83,343505,168317.45,0.49
2026,2026-09-01,Mumbai,Cotton,Kharif,0.1,30.89,343505,168317.45,0.49
2026,2026-09-02,Mumbai,Cotton,Kharif,46.1,30.3,343505,168317.45,0.49
2026,2026-09-03,Mumbai,Cotton,Kharif,1.8,31.12,343505,168317.45,0.49
2026,2026-08-19,Mumbai,Sugarcane,Kharif,36.2,24.63,52597,4300856.69,81.77
2026,2026-08-20,Mumbai,Sugarcane,Kharif,0.9,25.41,52597,4300856.69,81.77
2026,2026-08-21,Mumbai,Sugarcane,Kharif,8.3,26.04,52597,4300856.69,81.77
2026,2026-08-22,Mumbai,Sugarcane,Kharif,14.9,22.31,52597,4300856.69,81.77
2026,2026-08-23,Mumbai,Sugarcane,Kharif,1.4,22.94,52597,4300856.69,81.77
2026,2026-08-24,Mumbai,Sugarcane,Kharif,22.7,22.46,52597,4300856.69,81.77
2026,2026-08-25,Mumbai,Sugarcane,Kharif,26.6,26.92,52597,4300856.69,81.77
2026,2026-08-26,Mumbai,Sugarcane,Kharif,35.9,27.95,52597,4300856.69,81.77
2026,2026-08-27,Mumbai,Sugarcane,Kharif,21.8,25.48,52597,4300856.69,81.77
2026,2026-08-28,Mumbai,Sugarcane,Kharif,28.3,27.16,52597,4300856.69,81.77
2026,2026-08-29,Mumbai,Sugarcane,Kharif,27.6,24.77,52597,4300856.69,81.77
2026,2026-08-30,Mumbai,Sugarcane,Kharif,0.4,29.82,52597,4300856.69,81.77
2026,2026-08-31,Mumbai,Sugarcane,Kharif,48.1,29.83,52597,4300856.69,81.77
2026,2026-09-01,Mumbai,Sugarcane,Kharif,24.0,30.89,52597,4300856.69,81.77
2026,2026-09-02,Mumbai,Sugarcane,Kharif,28.3,30.3,52597,4300856.69,81.77
2026,2026-09-03,Mumbai,Sugarcane,Kharif,0.0,31.12,52597,4300856.69,81.77
2026,2026-08-19,Nagpur,Maize,Kharif,0.0,32.38,66737,210888.92,3.16
2026,2026-08-20,Nagpur,Maize,Kharif,13.9,29.48,66737,210888.92,3.16
2026,2026-08-21,Nagpur,Maize,Kharif,15.2,32.6,66737,210888.92,3.16
2026,2026-08-22,Nagpur,Maize,Kharif,18.5,31.35,66737,210888.92,3.16
2026,2026-08-23,Nagpur,Maize,Kharif,54.5,31.25,66737,210888.92,3.16
2026,2026-08-24,Nagpur,Maize,Kharif,2.0,30.45,66737,210888.92,3.16
2026,2026-08-25,Nagpur,Maize,Kharif,15.5,26.71,66737,210888.92,3.16
2026,2026-08-26,Nagpur,Maize,Kharif,37.5,29.36,66737,210888.92,3.16
2026,2026-08-27,Nagpur,Maize,Kharif,0.0,24.81,66737,210888.92,3.16
2026,2026-08-28,Nagpur,Maize,Kharif,19.4,28.92,66737,210888.92,3.16
2026,2026-08-29,Nagpur,Maize,Kharif,2.0,28.36,66737,210888.92,3.16
2026,2026-08-30,Nagpur,Maize,Kharif,0.0,24.07,66737,210888.92,3.16
2026,2026-08-31,Nagpur,Maize,Kharif,14.4,27.16,66737,210888.92,3.16
2026,2026-09-01,Nagpur,Maize,Kharif,5.0,24.55,66737,210888.92,3.16
2026,2026-09-02,Nagpur,Maize,Kharif,17.0,23.14,66737,210888.92,3.16
2026,2026-09-03,Nagpur,Maize,Kharif,21.8,25.61,66737,210888.92,3.16
2026,2026-08-19,Nagpur,Soybean,Kharif,35.7,32.38,255090,306108.0,1.2
2026,2026-08-20,Nagpur,Soybean,Kharif,28.7,29.48,255090,306108.0,1.2
2026,2026-08-21,Nagpur,Soybean,Kharif,15.6,32.6,255090,306108.0,1.2
2026,2026-08-22,Nagpur,Soybean,Kharif,35.4,31.35,255090,306108.0,1.2
2026,2026-08-23,Nagpur,Soybean,Kharif,17.7,31.25,255090,306108.0,1.2
2026,2026-08-24,Nagpur,Soybean,Kharif,15.5,30.45,255090,306108.0,1.2
2026,2026-08-25,Nagpur,Soybean,Kharif,19.2,26.71,255090,306108.0,1.2
2026,2026-08-26,Nagpur,Soybean,Kharif,18.7,29.36,255090,306108.0,1.2
2026,2026-08-27,Nagpur,Soybean,Kharif,40.0,24.81,255090,306108.0,1.2
2026,2026-08-28,Nagpur,Soybean,Kharif,1.4,28.92,255090,306108.0,1.2
2026,2026-08-29,Nagpur,Soybean,Kharif,56.1,28.36,255090,306108.0,1.2
2026,2026-08-30,Nagpur,Soybean,Kharif,18.9,24.07,255090,306108.0,1.2
2026,2026-08-31,Nagpur,Soybean,Kharif,1.2,27.16,255090,306108.0,1.2
2026,2026-09-01,Nagpur,Soybean,Kharif,54.4,24.55,255090,306108.0,1.2
2026,2026-09-02,Nagpur,Soybean,Kharif,32.0,23.14,255090,306108.0,1.2
2026,2026-09-03,Nagpur,Soybean,Kharif,3.3,25.61,255090,306108.0,1.2
2026,2026-08-19,Nagpur,Cotton,Kharif,29.3,32.38,275847,124131.15,0.45
2026,2026-08-20,Nagpur,Cotton,Kharif,0.3,29.48,275847,124131.15,0.45
2026,2026-08-21,Nagpur,Cotton,Kharif,54.8,32.6,275847,124131.15,0.45
2026,2026-08-22,Nagpur,Cotton,Kharif,51.2,31.35,275847,124131.15,0.45
2026,2026-08-23,Nagpur,Cotton,Kharif,27.9,31.25,275847,124131.15,0.45
2026,2026-08-24,Nagpur,Cotton,Kharif,52.3,30.45,275847,124131.15,0.45
2026,2026-08-25,Nagpur,Cotton,Kharif,54.7,26.71,275847,124131.15,0.45
2026,2026-08-26,Nagpur,Cotton,Kharif,19.6,29.36,275847,124131.15,0.45
2026,2026-08-27,Nagpur,Cotton,Kharif,21.2,24.81,275847,124131.15,0.45
2026,2026-08-28,Nagpur,Cotton,Kharif,32.8,28.92,275847,124131.15,0.45
2026,2026-08-29,Nagpur,Cotton,Kharif,58.7,28.36,275847,124131.15,0.45
2026,2026-08-30,Nagpur,Cotton,Kharif,33.1,24.07,275847,124131.15,0.45
2026,2026-08-31,Nagpur,Cotton,Kharif,59.1,27.16,275847,124131.15,0.45
2026,2026-09-01,Nagpur,Cotton,Kharif,1.2,24.55,275847,124131.15,0.45
2026,2026-09-02,Nagpur,Cotton,Kharif,59.2,23.14,275847,124131.15,0.45
2026,2026-09-03,Nagpur,Cotton,Kharif,6.6,25.61,275847,124131.15,0.45
2026,2026-08-19,Nagpur,Sugarcane,Kharif,0.3,32.38,60132,5298230.52,88.11
2026,2026-08-20,Nagpur,Sugarcane,Kharif,12.6,29.48,60132,5298230.52,88.11
2026,2026-08-21,Nagpur,Sugarcane,Kharif,37.2,32.6,60132,5298230.52,88.11
2026,2026-08-22,Nagpur,Sugarcane,Kharif,7.3,31.35,60132,5298230.52,88.11
2026,2026-08-23,Nagpur,Sugarcane,Kharif,14.4,31.25,60132,5298230.52,88.11
2026,2026-08-24,Nagpur,Sugarcane,Kharif,2.1,30.45,60132,5298230.52,88.11
2026,2026-08-25,Nagpur,Sugarcane,Kharif,13.4,26.71,60132,5298230.52,88.11
2026,2026-08-26,Nagpur,Sugarcane,Kharif,0.0,29.36,60132,5298230.52,88.11
2026,2026-08-27,Nagpur,Sugarcane,Kharif,10.4,24.81,60132,5298230.52,88.11
2026,2026-08-28,Nagpur,Sugarcane,Kharif,24.1,28.92,60132,5298230.52,88.11
2026,2026-08-29,Nagpur,Sugarcane,Kharif,4.6,28.36,60132,5298230.52,88.11
2026,2026-08-30,Nagpur,Sugarcane,Kharif,4.3,24.07,60132,5298230.52,88.11
2026,2026-08-31,Nagpur,Sugarcane,Kharif,6.8,27.16,60132,5298230.52,88.11
2026,2026-09-01,Nagpur,Sugarcane,Kharif,51.3,24.55,60132,5298230.52,88.11
2026,2026-09-02,Nagpur,Sugarcane,Kharif,9.4,23.14,60132,5298230.52,88.11
2026,2026-09-03,Nagpur,Sugarcane,Kharif,10.5,25.61,60132,5298230.52,88.11
2026,2026-08-19,Nanded,Maize,Kharif,13.9,32.95,85849,242952.67,2.83
2026,2026-08-20,Nanded,Maize,Kharif,10.0,33.69,85849,242952.67,2.83
2026,2026-08-21,Nanded,Maize,Kharif,9.8,34.23,85849,242952.67,2.83
2026,2026-08-22,Nanded,Maize,Kharif,37.3,37.18,85849,242952.67,2.83
2026,2026-08-23,Nanded,Maize,Kharif,0.9,37.52,85849,242952.67,2.83
2026,2026-08-24,Nanded,Maize,Kharif,8.9,33.12,85849,242952.67,2.83
2026,2026-08-25,Nanded,Maize,Kharif,39.1,35.02,85849,242952.67,2.83
2026,2026-08-26,Nanded,Maize,Kharif,38.9,33.3,85849,242952.67,2.83
2026,2026-08-27,Nanded,Maize,Kharif,0.4,36.52,85849,242952.67,2.83
2026,2026-08-28,Nanded,Maize,Kharif,11.1,33.57,85849,242952.67,2.83
2026,2026-08-29,Nanded,Maize,Kharif,8.6,35.72,85849,242952.67,2.83
2026,2026-08-30,Nanded,Maize,Kharif,0.0,30.5,85849,242952.67,2.83
2026,2026-08-31,Nanded,Maize,Kharif,11.1,35.36,85849,242952.67,2.83
2026,2026-09-01,Nanded,Maize,Kharif,13.4,30.34,85849,242952.67,2.83
2026,2026-09-02,Nanded,Maize,Kharif,15.2,34.77,85849,242952.67,2.83
2026,2026-09-03,Nanded,Maize,Kharif,17.1,30.31,85849,242952.67,2.83
2026,2026-08-19,Nanded,Soybean,Kharif,6.6,32.95,225187,306254.32,1.36
2026,2026-08-20,Nanded,Soybean,Kharif,0.3,33.69,225187,306254.32,1.36
2026,2026-08-21,Nanded,Soybean,Kharif,7.7,34.23,225187,306254.32,1.36
2026,2026-08-22,Nanded,Soybean,Kharif,1.7,37.18,225187,306254.32,1.36
2026,2026-08-23,Nanded,Soybean,Kharif,3.5,37.52,225187,306254.32,1.36
2026,2026-08-24,Nanded,Soybean,Kharif,16.5,33.12,225187,306254.32,1.36
2026,2026-08-25,Nanded,Soybean,Kharif,1.1,35.02,225187,306254.32,1.36
2026,2026-08-26,Nanded,Soybean,Kharif,16.7,33.3,225187,306254.32,1.36
2026,2026-08-27,Nanded,Soybean,Kharif,5.8,36.52,225187,306254.32,1.36
2026,2026-08-28,Nanded,Soybean,Kharif,5.3,33.57,225187,306254.32,1.36
2026,2026-08-29,Nanded,Soybean,Kharif,12.1,35.72,225187,306254.32,1.36
2026,2026-08-30,Nanded,Soybean,Kharif,1.5,30.5,225187,306254.32,1.36
2026,2026-08-31,Nanded,Soybean,Kharif,17.2,35.36,225187,306254.32,1.36
2026,2026-09-01,Nanded,Soybean,Kharif,14.7,30.34,225187,306254.32,1.36
2026,2026-09-02,Nanded,Soybean,Kharif,49.7,34.77,225187,306254.32,1.36
2026,2026-09-03,Nanded,Soybean,Kharif,18.9,30.31,225187,306254.32,1.36
2026,2026-08-19,Nanded,Cotton,Kharif,0.9,32.95,229793,98810.99,0.43
2026,2026-08-20,Nanded,Cotton,Kharif,46.9,33.69,229793,98810.99,0.43
2026,2026-08-21,Nanded,Cotton,Kharif,46.9,34.23,229793,98810.99,0.43
2026,2026-08-22,Nanded,Cotton,Kharif,1.8,37.18,229793,98810.99,0.43
2026,2026-08-23,Nanded,Cotton,Kharif,0.0,37.52,229793,98810.99,0.43
2026,2026-08-24,Nanded,Cotton,Kharif,13.1,33.12,229793,98810.99,0.43
2026,2026-08-25,Nanded,Cotton,Kharif,10.4,35.02,229793,98810.99,0.43
2026,2026-08-26,Nanded,Cotton,Kharif,10.6,33.3,229793,98810.99,0.43
2026,2026-08-27,Nanded,Cotton,Kharif,34.7,36.52,229793,98810.99,0.43
2026,2026-08-28,Nanded,Cotton,Kharif,11.3,33.57,229793,98810.99,0.43
2026,2026-08-29,Nanded,Cotton,Kharif,0.8,35.72,229793,98810.99,0.43
2026,2026-08-30,Nanded,Cotton,Kharif,45.9,30.5,229793,98810.99,0.43
2026,2026-08-31,Nanded,Cotton,Kharif,50.7,35.36,229793,98810.99,0.43
2026,2026-09-01,Nanded,Cotton,Kharif,12.5,30.34,229793,98810.99,0.43
2026,2026-09-02,Nanded,Cotton,Kharif,36.7,34.77,229793,98810.99,0.43
2026,2026-09-03,Nanded,Cotton,Kharif,30.9,30.31,229793,98810.99,0.43
2026,2026-08-19,Nanded,Sugarcane,Kharif,11.5,32.95,90796,7668630.16,84.46
2026,2026-08-20,Nanded,Sugarcane,Kharif,54.7,33.69,90796,7668630.16,84.46
2026,2026-08-21,Nanded,Sugarcane,Kharif,21.7,34.23,90796,7668630.16,84.46
2026,2026-08-22,Nanded,Sugarcane,Kharif,5.7,37.18,90796,7668630.16,84.46
2026,2026-08-23,Nanded,Sugarcane,Kharif,1.2,37.52,90796,7668630.16,84.46
2026,2026-08-24,Nanded,Sugarcane,Kharif,17.0,33.12,90796,7668630.16,84.46
2026,2026-08-25,Nanded,Sugarcane,Kharif,58.1,35.02,90796,7668630.16,84.46
2026,2026-08-26,Nanded,Sugarcane,Kharif,18.2,33.3,90796,7668630.16,84.46
2026,2026-08-27,Nanded,Sugarcane,Kharif,16.8,36.52,90796,7668630.16,84.46
2026,2026-08-28,Nanded,Sugarcane,Kharif,6.3,33.57,90796,7668630.16,84.46
2026,2026-08-29,Nanded,Sugarcane,Kharif,17.1,35.72,90796,7668630.16,84.46
2026,2026-08-30,Nanded,Sugarcane,Kharif,19.2,30.5,90796,7668630.16,84.46
2026,2026-08-31,Nanded,Sugarcane,Kharif,1.2,35.36,90796,7668630.16,84.46
2026,2026-09-01,Nanded,Sugarcane,Kharif,14.4,30.34,90796,7668630.16,84.46
2026,2026-09-02,Nanded,Sugarcane,Kharif,1.8,34.77,90796,7668630.16,84.46
2026,2026-09-03,Nanded,Sugarcane,Kharif,14.0,30.31,90796,7668630.16,84.46
2026,2026-08-19,Nandurbar,Maize,Kharif,35.5,17.75,86657,260837.57,3.01
2026,2026-08-20,Nandurbar,Maize,Kharif,36.6,19.12,86657,260837.57,3.01
2026,2026-08-21,Nandurbar,Maize,Kharif,21.7,16.24,86657,260837.57,3.01
2026,2026-08-22,Nandurbar,Maize,Kharif,32.6,17.61,86657,260837.57,3.01
2026,2026-08-23,Nandurbar,Maize,Kharif,1.7,16.65,86657,260837.57,3.01
2026,2026-08-24,Nandurbar,Maize,Kharif,1.9,15.5,86657,260837.57,3.01
2026,2026-08-25,Nandurbar,Maize,Kharif,26.3,16.25,86657,260837.57,3.01
2026,2026-08-26,Nandurbar,Maize,Kharif,17.8,13.93,86657,260837.57,3.01
2026,2026-08-27,Nandurbar,Maize,Kharif,25.5,16.26,86657,260837.57,3.01
2026,2026-08-28,Nandurbar,Maize,Kharif,28.5,12.0,86657,260837.57,3.01
2026,2026-08-29,Nandurbar,Maize,Kharif,24.4,16.78,86657,260837.57,3.01
2026,2026-08-30,Nandurbar,Maize,Kharif,7.4,14.07,86657,260837.57,3.01
2026,2026-08-31,Nandurbar,Maize,Kharif,27.2,14.76,86657,260837.57,3.01
2026,2026-09-01,Nandurbar,Maize,Kharif,29.2,14.5,86657,260837.57,3.01
2026,2026-09-02,Nandurbar,Maize,Kharif,1.7,13.68,86657,260837.57,3.01
2026,2026-09-03,Nandurbar,Maize,Kharif,35.7,12.0,86657,260837.57,3.01
2026,2026-08-19,Nandurbar,Soybean,Kharif,12.0,17.75,169972,209065.56,1.23
2026,2026-08-20,Nandurbar,Soybean,Kharif,3.7,19.12,169972,209065.56,1.23
2026,2026-08-21,Nandurbar,Soybean,Kharif,52.6,16.24,169972,209065.56,1.23
2026,2026-08-22,Nandurbar,Soybean,Kharif,13.1,17.61,169972,209065.56,1.23
2026,2026-08-23,Nandurbar,Soybean,Kharif,0.4,16.65,169972,209065.56,1.23
2026,2026-08-24,Nandurbar,Soybean,Kharif,0.1,15.5,169972,209065.56,1.23
2026,2026-08-25,Nandurbar,Soybean,Kharif,4.7,16.25,169972,209065.56,1.23
2026,2026-08-26,Nandurbar,Soybean,Kharif,49.7,13.93,169972,209065.56,1.23
2026,2026-08-27,Nandurbar,Soybean,Kharif,6.1,16.26,169972,209065.56,1.23
2026,2026-08-28,Nandurbar,Soybean,Kharif,19.3,12.0,169972,209065.56,1.23
2026,2026-08-29,Nandurbar,Soybean,Kharif,0.7,16.78,169972,209065.56,1.23
2026,2026-08-30,Nandurbar,Soybean,Kharif,5.2,14.07,169972,209065.56,1.23
2026,2026-08-31,Nandurbar,Soybean,Kharif,12.0,14.76,169972,209065.56,1.23
2026,2026-09-01,Nandurbar,Soybean,Kharif,56.4,14.5,169972,209065.56,1.23
2026,2026-09-02,Nandurbar,Soybean,Kharif,6.1,13.68,169972,209065.56,1.23
2026,2026-09-03,Nandurbar,Soybean,Kharif,3.2,12.0,169972,209065.56,1.23
2026,2026-08-19,Nandurbar,Cotton,Kharif,5.5,17.75,252798,116287.08,0.46
2026,2026-08-20,Nandurbar,Cotton,Kharif,51.2,19.12,252798,116287.08,0.46
2026,2026-08-21,Nandurbar,Cotton,Kharif,4.3,16.24,252798,116287.08,0.46
2026,2026-08-22,Nandurbar,Cotton,Kharif,0.5,17.61,252798,116287.08,0.46
2026,2026-08-23,Nandurbar,Cotton,Kharif,0.0,16.65,252798,116287.08,0.46
2026,2026-08-24,Nandurbar,Cotton,Kharif,25.0,15.5,252798,116287.08,0.46
2026,2026-08-25,Nandurbar,Cotton,Kharif,0.1,16.25,252798,116287.08,0.46
2026,2026-08-26,Nandurbar,Cotton,Kharif,10.6,13.93,252798,116287.08,0.46
2026,2026-08-27,Nandurbar,Cotton,Kharif,0.0,16.26,252798,116287.08,0.46
2026,2026-08-28,Nandurbar,Cotton,Kharif,0.0,12.0,252798,116287.08,0.46
2026,2026-08-29,Nandurbar,Cotton,Kharif,1.0,16.78,252798,116287.08,0.46
2026,2026-08-30,Nandurbar,Cotton,Kharif,9.7,14.07,252798,116287.08,0.46
2026,2026-08-31,Nandurbar,Cotton,Kharif,0.0,14.76,252798,116287.08,0.46
2026,2026-09-01,Nandurbar,Cotton,Kharif,4.3,14.5,252798,116287.08,0.46
2026,2026-09-02,Nandurbar,Cotton,Kharif,2.0,13.68,252798,116287.08,0.46
2026,2026-09-03,Nandurbar,Cotton,Kharif,9.1,12.0,252798,116287.08,0.46
2026,2026-08-19,Nandurbar,Sugarcane,Kharif,18.1,17.75,58664,4541180.24,77.41
2026,2026-08-20,Nandurbar,Sugarcane,Kharif,5.8,19.12,58664,4541180.24,77.41
2026,2026-08-21,Nandurbar,Sugarcane,Kharif,1.5,16.24,58664,4541180.24,77.41
2026,2026-08-22,Nandurbar,Sugarcane,Kharif,55.1,17.61,58664,4541180.24,77.41
2026,2026-08-23,Nandurbar,Sugarcane,Kharif,12.7,16.65,58664,4541180.24,77.41
2026,2026-08-24,Nandurbar,Sugarcane,Kharif,15.3,15.5,58664,4541180.24,77.41
2026,2026-08-25,Nandurbar,Sugarcane,Kharif,6.7,16.25,58664,4541180.24,77.41
2026,2026-08-26,Nandurbar,Sugarcane,Kharif,0.0,13.93,58664,4541180.24,77.41
2026,2026-08-27,Nandurbar,Sugarcane,Kharif,20.6,16.26,58664,4541180.24,77.41
2026,2026-08-28,Nandurbar,Sugarcane,Kharif,23.6,12.0,58664,4541180.24,77.41
2026,2026-08-29,Nandurbar,Sugarcane,Kharif,27.0,16.78,58664,4541180.24,77.41
2026,2026-08-30,Nandurbar,Sugarcane,Kharif,34.2,14.07,58664,4541180.24,77.41
2026,2026-08-31,Nandurbar,Sugarcane,Kharif,26.0,14.76,58664,4541180.24,77.41
2026,2026-09-01,Nandurbar,Sugarcane,Kharif,5.2,14.5,58664,4541180.24,77.41
2026,2026-09-02,Nandurbar,Sugarcane,Kharif,30.9,13.68,58664,4541180.24,77.41
2026,2026-09-03,Nandurbar,Sugarcane,Kharif,39.5,12.0,58664,4541180.24,77.41
2026,2026-08-19,Nashik,Maize,Kharif,0.5,36.71,66833,205845.64,3.08
2026,2026-08-20,Nashik,Maize,Kharif,0.0,34.28,66833,205845.64,3.08
2026,2026-08-21,Nashik,Maize,Kharif,11.9,33.75,66833,205845.64,3.08
2026,2026-08-22,Nashik,Maize,Kharif,18.0,36.53,66833,205845.64,3.08
2026,2026-08-23,Nashik,Maize,Kharif,0.7,35.33,66833,205845.64,3.08
2026,2026-08-24,Nashik,Maize,Kharif,2.0,32.38,66833,205845.64,3.08
2026,2026-08-25,Nashik,Maize,Kharif,20.1,32.0,66833,205845.64,3.08
2026,2026-08-26,Nashik,Maize,Kharif,2.7,32.17,66833,205845.64,3.08
2026,2026-08-27,Nashik,Maize,Kharif,22.0,31.7,66833,205845.64,3.08
2026,2026-08-28,Nashik,Maize,Kharif,49.6,30.63,66833,205845.64,3.08
2026,2026-08-29,Nashik,Maize,Kharif,36.8,29.19,66833,205845.64,3.08
2026,2026-08-30,Nashik,Maize,Kharif,47.5,30.52,66833,205845.64,3.08
2026,2026-08-31,Nashik,Maize,Kharif,44.5,33.21,66833,205845.64,3.08
2026,2026-09-01,Nashik,Maize,Kharif,21.8,31.2,66833,205845.64,3.08
2026,2026-09-02,Nashik,Maize,Kharif,0.4,32.12,66833,205845.64,3.08
2026,2026-09-03,Nashik,Maize,Kharif,12.2,29.97,66833,205845.64,3.08
2026,2026-08-19,Nashik,Soybean,Kharif,46.4,36.71,184220,259750.2,1.41
2026,2026-08-20,Nashik,Soybean,Kharif,13.4,34.28,184220,259750.2,1.41
2026,2026-08-21,Nashik,Soybean,Kharif,2.8,33.75,184220,259750.2,1.41
2026,2026-08-22,Nashik,Soybean,Kharif,21.4,36.53,184220,259750.2,1.41
2026,2026-08-23,Nashik,Soybean,Kharif,0.5,35.33,184220,259750.2,1.41
2026,2026-08-24,Nashik,Soybean,Kharif,26.6,32.38,184220,259750.2,1.41
2026,2026-08-25,Nashik,Soybean,Kharif,17.2,32.0,184220,259750.2,1.41
2026,2026-08-26,Nashik,Soybean,Kharif,7.1,32.17,184220,259750.2,1.41
2026,2026-08-27,Nashik,Soybean,Kharif,1.2,31.7,184220,259750.2,1.41
2026,2026-08-28,Nashik,Soybean,Kharif,0.0,30.63,184220,259750.2,1.41
2026,2026-08-29,Nashik,Soybean,Kharif,28.2,29.19,184220,259750.2,1.41
2026,2026-08-30,Nashik,Soybean,Kharif,0.4,30.52,184220,259750.2,1.41
2026,2026-08-31,Nashik,Soybean,Kharif,23.4,33.21,184220,259750.2,1.41
2026,2026-09-01,Nashik,Soybean,Kharif,17.0,31.2,184220,259750.2,1.41
2026,2026-09-02,Nashik,Soybean,Kharif,11.4,32.12,184220,259750.2,1.41
2026,2026-09-03,Nashik,Soybean,Kharif,6.3,29.97,184220,259750.2,1.41
2026,2026-08-19,Nashik,Cotton,Kharif,24.3,36.71,340418,139571.38,0.41
2026,2026-08-20,Nashik,Cotton,Kharif,24.6,34.28,340418,139571.38,0.41
2026,2026-08-21,Nashik,Cotton,Kharif,21.9,33.75,340418,139571.38,0.41
2026,2026-08-22,Nashik,Cotton,Kharif,12.8,36.53,340418,139571.38,0.41
2026,2026-08-23,Nashik,Cotton,Kharif,12.9,35.33,340418,139571.38,0.41
2026,2026-08-24,Nashik,Cotton,Kharif,59.9,32.38,340418,139571.38,0.41
2026,2026-08-25,Nashik,Cotton,Kharif,14.7,32.0,340418,139571.38,0.41
2026,2026-08-26,Nashik,Cotton,Kharif,44.0,32.17,340418,139571.38,0.41
2026,2026-08-27,Nashik,Cotton,Kharif,35.8,31.7,340418,139571.38,0.41
2026,2026-08-28,Nashik,Cotton,Kharif,13.1,30.63,340418,139571.38,0.41
2026,2026-08-29,Nashik,Cotton,Kharif,18.3,29.19,340418,139571.38,0.41
2026,2026-08-30,Nashik,Cotton,Kharif,14.7,30.52,340418,139571.38,0.41
2026,2026-08-31,Nashik,Cotton,Kharif,22.6,33.21,340418,139571.38,0.41
2026,2026-09-01,Nashik,Cotton,Kharif,25.5,31.2,340418,139571.38,0.41
2026,2026-09-02,Nashik,Cotton,Kharif,1.8,32.12,340418,139571.38,0.41
2026,2026-09-03,Nashik,Cotton,Kharif,16.4,29.97,340418,139571.38,0.41
2026,2026-08-19,Nashik,Sugarcane,Kharif,24.3,36.71,58996,5001090.92,84.77
2026,2026-08-20,Nashik,Sugarcane,Kharif,37.0,34.28,58996,5001090.92,84.77
2026,2026-08-21,Nashik,Sugarcane,Kharif,26.4,33.75,58996,5001090.92,84.77
2026,2026-08-22,Nashik,Sugarcane,Kharif,16.2,36.53,58996,5001090.92,84.77
2026,2026-08-23,Nashik,Sugarcane,Kharif,22.2,35.33,58996,5001090.92,84.77
2026,2026-08-24,Nashik,Sugarcane,Kharif,20.3,32.38,58996,5001090.92,84.77
2026,2026-08-25,Nashik,Sugarcane,Kharif,19.9,32.0,58996,5001090.92,84.77
2026,2026-08-26,Nashik,Sugarcane,Kharif,23.5,32.17,58996,5001090.92,84.77
2026,2026-08-27,Nashik,Sugarcane,Kharif,1.7,31.7,58996,5001090.92,84.77
2026,2026-08-28,Nashik,Sugarcane,Kharif,1.4,30.63,58996,5001090.92,84.77
2026,2026-08-29,Nashik,Sugarcane,Kharif,0.2,29.19,58996,5001090.92,84.77
2026,2026-08-30,Nashik,Sugarcane,Kharif,0.4,30.52,58996,5001090.92,84.77
2026,2026-08-31,Nashik,Sugarcane,Kharif,35.7,33.21,58996,5001090.92,84.77
2026,2026-09-01,Nashik,Sugarcane,Kharif,19.6,31.2,58996,5001090.92,84.77
2026,2026-09-02,Nashik,Sugarcane,Kharif,24.1,32.12,58996,5001090.92,84.77
2026,2026-09-03,Nashik,Sugarcane,Kharif,34.0,29.97,58996,5001090.92,84.77
2026,2026-08-19,Osmanabad,Maize,Kharif,43.3,33.65,74568,207299.04,2.78
2026,2026-08-20,Osmanabad,Maize,Kharif,1.3,30.16,74568,207299.04,2.78
2026,2026-08-21,Osmanabad,Maize,Kharif,55.9,31.68,74568,207299.04,2.78
2026,2026-08-22,Osmanabad,Maize,Kharif,11.5,32.34,74568,207299.04,2.78
2026,2026-08-23,Osmanabad,Maize,Kharif,0.2,33.04,74568,207299.04,2.78
2026,2026-08-24,Osmanabad,Maize,Kharif,8.5,33.29,74568,207299.04,2.78
2026,2026-08-25,Osmanabad,Maize,Kharif,5.5,31.95,74568,207299.04,2.78
2026,2026-08-26,Osmanabad,Maize,Kharif,15.8,31.62,74568,207299.04,2.78
2026,2026-08-27,Osmanabad,Maize,Kharif,8.7,30.05,74568,207299.04,2.78
2026,2026-08-28,Osmanabad,Maize,Kharif,0.3,31.41,74568,207299.04,2.78
2026,2026-08-29,Osmanabad,Maize,Kharif,0.6,33.78,74568,207299.04,2.78
2026,2026-08-30,Osmanabad,Maize,Kharif,4.1,32.95,74568,207299.04,2.78
2026,2026-08-31,Osmanabad,Maize,Kharif,1.5,28.99,74568,207299.04,2.78
2026,2026-09-01,Osmanabad,Maize,Kharif,1.7,28.28,74568,207299.04,2.78
2026,2026-09-02,Osmanabad,Maize,Kharif,21.3,30.67,74568,207299.04,2.78
2026,2026-09-03,Osmanabad,Maize,Kharif,3.8,31.17,74568,207299.04,2.78
2026,2026-08-19,Osmanabad,Soybean,Kharif,37.3,33.65,277487,366282.84,1.32
2026,2026-08-20,Osmanabad,Soybean,Kharif,24.1,30.16,277487,366282.84,1.32
2026,2026-08-21,Osmanabad,Soybean,Kharif,0.8,31.68,277487,366282.84,1.32
2026,2026-08-22,Osmanabad,Soybean,Kharif,29.4,32.34,277487,366282.84,1.32
2026,2026-08-23,Osmanabad,Soybean,Kharif,25.9,33.04,277487,366282.84,1.32
2026,2026-08-24,Osmanabad,Soybean,Kharif,5.9,33.29,277487,366282.84,1.32
2026,2026-08-25,Osmanabad,Soybean,Kharif,26.8,31.95,277487,366282.84,1.32
2026,2026-08-26,Osmanabad,Soybean,Kharif,1.9,31.62,277487,366282.84,1.32
2026,2026-08-27,Osmanabad,Soybean,Kharif,25.5,30.05,277487,366282.84,1.32
2026,2026-08-28,Osmanabad,Soybean,Kharif,5.3,31.41,277487,366282.84,1.32
2026,2026-08-29,Osmanabad,Soybean,Kharif,9.7,33.78,277487,366282.84,1.32
2026,2026-08-30,Osmanabad,Soybean,Kharif,11.9,32.95,277487,366282.84,1.32
2026,2026-08-31,Osmanabad,Soybean,Kharif,1.4,28.99,277487,366282.84,1.32
2026,2026-09-01,Osmanabad,Soybean,Kharif,22.6,28.28,277487,366282.84,1.32
2026,2026-09-02,Osmanabad,Soybean,Kharif,38.3,30.67,277487,366282.84,1.32
2026,2026-09-03,Osmanabad,Soybean,Kharif,37.8,31.17,277487,366282.84,1.32
2026,2026-08-19,Osmanabad,Cotton,Kharif,0.5,33.65,275408,132195.84,0.48
2026,2026-08-20,Osmanabad,Cotton,Kharif,9.8,30.16,275408,132195.84,0.48
2026,2026-08-21,Osmanabad,Cotton,Kharif,1.7,31.68,275408,132195.84,0.48
2026,2026-08-22,Osmanabad,Cotton,Kharif,0.0,32.34,275408,132195.84,0.48
2026,2026-08-23,Osmanabad,Cotton,Kharif,4.5,33.04,275408,132195.84,0.48
2026,2026-08-24,Osmanabad,Cotton,Kharif,0.9,33.29,275408,132195.84,0.48
2026,2026-08-25,Osmanabad,Cotton,Kharif,1.3,31.95,275408,132195.84,0.48
2026,2026-08-26,Osmanabad,Cotton,Kharif,11.4,31.62,275408,132195.84,0.48
2026,2026-08-27,Osmanabad,Cotton,Kharif,9.7,30.05,275408,132195.84,0.48
2026,2026-08-28,Osmanabad,Cotton,Kharif,6.2,31.41,275408,132195.84,0.48
2026,2026-08-29,Osmanabad,Cotton,Kharif,15.9,33.78,275408,132195.84,0.48
2026,2026-08-30,Osmanabad,Cotton,Kharif,13.0,32.95,275408,132195.84,0.48
2026,2026-08-31,Osmanabad,Cotton,Kharif,22.3,28.99,275408,132195.84,0.48
2026,2026-09-01,Osmanabad,Cotton,Kharif,36.9,28.28,275408,132195.84,0.48
2026,2026-09-02,Osmanabad,Cotton,Kharif,0.5,30.67,275408,132195.84,0.48
2026,2026-09-03,Osmanabad,Cotton,Kharif,15.8,31.17,275408,132195.84,0.48
2026,2026-08-19,Osmanabad,Sugarcane,Kharif,9.0,33.65,82914,6377744.88,76.92
2026,2026-08-20,Osmanabad,Sugarcane,Kharif,10.3,30.16,82914,6377744.88,76.92
2026,2026-08-21,Osmanabad,Sugarcane,Kharif,18.3,31.68,82914,6377744.88,76.92
2026,2026-08-22,Osmanabad,Sugarcane,Kharif,14.9,32.34,82914,6377744.88,76.92
2026,2026-08-23,Osmanabad,Sugarcane,Kharif,1.0,33.04,82914,6377744.88,76.92
2026,2026-08-24,Osmanabad,Sugarcane,Kharif,2.6,33.29,82914,6377744.88,76.92
2026,2026-08-25,Osmanabad,Sugarcane,Kharif,0.8,31.95,82914,6377744.88,76.92
2026,2026-08-26,Osmanabad,Sugarcane,Kharif,12.9,31.62,82914,6377744.88,76.92
2026,2026-08-27,Osmanabad,Sugarcane,Kharif,9.5,30.05,82914,6377744.88,76.92
2026,2026-08-28,Osmanabad,Sugarcane,Kharif,6.2,31.41,82914,6377744.88,76.92
2026,2026-08-29,Osmanabad,Sugarcane,Kharif,18.4,33.78,82914,6377744.88,76.92
2026,2026-08-30,Osmanabad,Sugarcane,Kharif,16.7,32.95,82914,6377744.88,76.92
2026,2026-08-31,Osmanabad,Sugarcane,Kharif,0.4,28.99,82914,6377744.88,76.92
2026,2026-09-01,Osmanabad,Sugarcane,Kharif,7.1,28.28,82914,6377744.88,76.92
2026,2026-09-02,Osmanabad,Sugarcane,Kharif,2.8,30.67,82914,6377744.88,76.92
2026,2026-09-03,Osmanabad,Sugarcane,Kharif,3.3,31.17,82914,6377744.88,76.92
2026,2026-08-19,Palghar,Maize,Kharif,1.5,27.4,68234,201972.64,2.96
2026,2026-08-20,Palghar,Maize,Kharif,11.1,26.83,68234,201972.64,2.96
2026,2026-08-21,Palghar,Maize,Kharif,42.3,26.19,68234,201972.64,2.96
2026,2026-08-22,Palghar,Maize,Kharif,32.0,23.34,68234,201972.64,2.96
2026,2026-08-23,Palghar,Maize,Kharif,23.9,23.02,68234,201972.64,2.96
2026,2026-08-24,Palghar,Maize,Kharif,1.4,21.81,68234,201972.64,2.96
2026,2026-08-25,Palghar,Maize,Kharif,20.7,22.97,68234,201972.64,2.96
2026,2026-08-26,Palghar,Maize,Kharif,1.2,24.18,68234,201972.64,2.96
2026,2026-08-27,Palghar,Maize,Kharif,26.6,26.27,68234,201972.64,2.96
2026,2026-08-28,Palghar,Maize,Kharif,15.9,21.44,68234,201972.64,2.96
2026,2026-08-29,Palghar,Maize,Kharif,18.5,23.32,68234,201972.64,2.96
2026,2026-08-30,Palghar,Maize,Kharif,15.6,24.45,68234,201972.64,2.96
2026,2026-08-31,Palghar,Maize,Kharif,55.9,21.67,68234,201972.64,2.96
2026,2026-09-01,Palghar,Maize,Kharif,20.5,24.52,68234,201972.64,2.96
2026,2026-09-02,Palghar,Maize,Kharif,10.6,23.14,68234,201972.64,2.96
2026,2026-09-03,Palghar,Maize,Kharif,38.4,21.48,68234,201972.64,2.96
2026,2026-08-19,Palghar,Soybean,Kharif,32.8,27.4,209912,270786.48,1.29
2026,2026-08-20,Palghar,Soybean,Kharif,20.6,26.83,209912,270786.48,1.29
2026,2026-08-21,Palghar,Soybean,Kharif,0.0,26.19,209912,270786.48,1.29
2026,2026-08-22,Palghar,Soybean,Kharif,14.0,23.34,209912,270786.48,1.29
2026,2026-08-23,Palghar,Soybean,Kharif,14.5,23.02,209912,270786.48,1.29
2026,2026-08-24,Palghar,Soybean,Kharif,10.8,21.81,209912,270786.48,1.29
2026,2026-08-25,Palghar,Soybean,Kharif,22.0,22.97,209912,270786.48,1.29
2026,2026-08-26,Palghar,Soybean,Kharif,8.6,24.18,209912,270786.48,1.29
2026,2026-08-27,Palghar,Soybean,Kharif,57.9,26.27,209912,270786.48,1.29
2026,2026-08-28,Palghar,Soybean,Kharif,11.9,21.44,209912,270786.48,1.29
2026,2026-08-29,Palghar,Soybean,Kharif,46.3,23.32,209912,270786.48,1.29
2026,2026-08-30,Palghar,Soybean,Kharif,0.8,24.45,209912,270786.48,1.29
2026,2026-08-31,Palghar,Soybean,Kharif,35.3,21.67,209912,270786.48,1.29
2026,2026-09-01,Palghar,Soybean,Kharif,11.2,24.52,209912,270786.48,1.29
2026,2026-09-02,Palghar,Soybean,Kharif,52.8,23.14,209912,270786.48,1.29
2026,2026-09-03,Palghar,Soybean,Kharif,50.8,21.48,209912,270786.48,1.29
2026,2026-08-19,Palghar,Cotton,Kharif,20.9,27.4,318484,149687.48,0.47
2026,2026-08-20,Palghar,Cotton,Kharif,2.3,26.83,318484,149687.48,0.47
2026,2026-08-21,Palghar,Cotton,Kharif,51.3,26.19,318484,149687.48,0.47
2026,2026-08-22,Palghar,Cotton,Kharif,47.6,23.34,318484,149687.48,0.47
2026,2026-08-23,Palghar,Cotton,Kharif,18.9,23.02,318484,149687.48,0.47
2026,2026-08-24,Palghar,Cotton,Kharif,14.6,21.81,318484,149687.48,0.47
2026,2026-08-25,Palghar,Cotton,Kharif,14.0,22.97,318484,149687.48,0.47
2026,2026-08-26,Palghar,Cotton,Kharif,4.9,24.18,318484,149687.48,0.47
2026,2026-08-27,Palghar,Cotton,Kharif,1.8,26.27,318484,149687.48,0.47
2026,2026-08-28,Palghar,Cotton,Kharif,5.5,21.44,318484,149687.48,0.47
2026,2026-08-29,Palghar,Cotton,Kharif,24.1,23.32,318484,149687.48,0.47
2026,2026-08-30,Palghar,Cotton,Kharif,13.4,24.45,318484,149687.48,0.47
2026,2026-08-31,Palghar,Cotton,Kharif,9.7,21.67,318484,149687.48,0.47
2026,2026-09-01,Palghar,Cotton,Kharif,9.0,24.52,318484,149687.48,0.47
2026,2026-09-02,Palghar,Cotton,Kharif,4.3,23.14,318484,149687.48,0.47
2026,2026-09-03,Palghar,Cotton,Kharif,15.5,21.48,318484,149687.48,0.47
2026,2026-08-19,Palghar,Sugarcane,Kharif,0.5,27.4,90334,6812086.94,75.41
2026,2026-08-20,Palghar,Sugarcane,Kharif,1.6,26.83,90334,6812086.94,75.41
2026,2026-08-21,Palghar,Sugarcane,Kharif,1.7,26.19,90334,6812086.94,75.41
2026,2026-08-22,Palghar,Sugarcane,Kharif,19.6,23.34,90334,6812086.94,75.41
2026,2026-08-23,Palghar,Sugarcane,Kharif,1.0,23.02,90334,6812086.94,75.41
2026,2026-08-24,Palghar,Sugarcane,Kharif,14.0,21.81,90334,6812086.94,75.41
2026,2026-08-25,Palghar,Sugarcane,Kharif,0.0,22.97,90334,6812086.94,75.41
2026,2026-08-26,Palghar,Sugarcane,Kharif,18.0,24.18,90334,6812086.94,75.41
2026,2026-08-27,Palghar,Sugarcane,Kharif,59.4,26.27,90334,6812086.94,75.41
2026,2026-08-28,Palghar,Sugarcane,Kharif,7.4,21.44,90334,6812086.94,75.41
2026,2026-08-29,Palghar,Sugarcane,Kharif,17.0,23.32,90334,6812086.94,75.41
2026,2026-08-30,Palghar,Sugarcane,Kharif,11.4,24.45,90334,6812086.94,75.41
2026,2026-08-31,Palghar,Sugarcane,Kharif,21.2,21.67,90334,6812086.94,75.41
2026,2026-09-01,Palghar,Sugarcane,Kharif,52.6,24.52,90334,6812086.94,75.41
2026,2026-09-02,Palghar,Sugarcane,Kharif,0.0,23.14,90334,6812086.94,75.41
2026,2026-09-03,Palghar,Sugarcane,Kharif,0.5,21.48,90334,6812086.94,75.41
2026,2026-08-19,Parbhani,Maize,Kharif,42.4,18.45,84741,245748.9,2.9
2026,2026-08-20,Parbhani,Maize,Kharif,17.4,23.08,84741,245748.9,2.9
2026,2026-08-21,Parbhani,Maize,Kharif,22.4,23.35,84741,245748.9,2.9
2026,2026-08-22,Parbhani,Maize,Kharif,25.1,19.53,84741,245748.9,2.9
2026,2026-08-23,Parbhani,Maize,Kharif,11.3,21.6,84741,245748.9,2.9
2026,2026-08-24,Parbhani,Maize,Kharif,1.2,20.26,84741,245748.9,2.9
2026,2026-08-25,Parbhani,Maize,Kharif,25.0,25.1,84741,245748.9,2.9
2026,2026-08-26,Parbhani,Maize,Kharif,19.4,22.62,84741,245748.9,2.9
2026,2026-08-27,Parbhani,Maize,Kharif,16.0,19.97,84741,245748.9,2.9
2026,2026-08-28,Parbhani,Maize,Kharif,38.2,21.32,84741,245748.9,2.9
2026,2026-08-29,Parbhani,Maize,Kharif,26.4,25.07,84741,245748.9,2.9
2026,2026-08-30,Parbhani,Maize,Kharif,10.1,22.88,84741,245748.9,2.9
2026,2026-08-31,Parbhani,Maize,Kharif,21.1,25.1,84741,245748.9,2.9
2026,2026-09-01,Parbhani,Maize,Kharif,18.2,24.45,84741,245748.9,2.9
2026,2026-09-02,Parbhani,Maize,Kharif,25.7,26.53,84741,245748.9,2.9
2026,2026-09-03,Parbhani,Maize,Kharif,1.0,24.33,84741,245748.9,2.9
2026,2026-08-19,Parbhani,Soybean,Kharif,18.1,18.45,267740,329320.2,1.23
2026,2026-08-20,Parbhani,Soybean,Kharif,16.4,23.08,267740,329320.2,1.23
2026,2026-08-21,Parbhani,Soybean,Kharif,9.7,23.35,267740,329320.2,1.23
2026,2026-08-22,Parbhani,Soybean,Kharif,17.6,19.53,267740,329320.2,1.23
2026,2026-08-23,Parbhani,Soybean,Kharif,28.2,21.6,267740,329320.2,1.23
2026,2026-08-24,Parbhani,Soybean,Kharif,35.2,20.26,267740,329320.2,1.23
2026,2026-08-25,Parbhani,Soybean,Kharif,13.0,25.1,267740,329320.2,1.23
2026,2026-08-26,Parbhani,Soybean,Kharif,22.4,22.62,267740,329320.2,1.23
2026,2026-08-27,Parbhani,Soybean,Kharif,7.1,19.97,267740,329320.2,1.23
2026,2026-08-28,Parbhani,Soybean,Kharif,52.1,21.32,267740,329320.2,1.23
2026,2026-08-29,Parbhani,Soybean,Kharif,30.0,25.07,267740,329320.2,1.23
2026,2026-08-30,Parbhani,Soybean,Kharif,3.6,22.88,267740,329320.2,1.23
2026,2026-08-31,Parbhani,Soybean,Kharif,9.7,25.1,267740,329320.2,1.23
2026,2026-09-01,Parbhani,Soybean,Kharif,30.6,24.45,267740,329320.2,1.23
2026,2026-09-02,Parbhani,Soybean,Kharif,16.1,26.53,267740,329320.2,1.23
2026,2026-09-03,Parbhani,Soybean,Kharif,1.8,24.33,267740,329320.2,1.23
2026,2026-08-19,Parbhani,Cotton,Kharif,0.6,18.45,227955,102579.75,0.45
2026,2026-08-20,Parbhani,Cotton,Kharif,39.2,23.08,227955,102579.75,0.45
2026,2026-08-21,Parbhani,Cotton,Kharif,48.4,23.35,227955,102579.75,0.45
2026,2026-08-22,Parbhani,Cotton,Kharif,0.1,19.53,227955,102579.75,0.45
2026,2026-08-23,Parbhani,Cotton,Kharif,11.2,21.6,227955,102579.75,0.45
2026,2026-08-24,Parbhani,Cotton,Kharif,0.0,20.26,227955,102579.75,0.45
2026,2026-08-25,Parbhani,Cotton,Kharif,1.1,25.1,227955,102579.75,0.45
2026,2026-08-26,Parbhani,Cotton,Kharif,22.5,22.62,227955,102579.75,0.45
2026,2026-08-27,Parbhani,Cotton,Kharif,6.8,19.97,227955,102579.75,0.45
2026,2026-08-28,Parbhani,Cotton,Kharif,53.7,21.32,227955,102579.75,0.45
2026,2026-08-29,Parbhani,Cotton,Kharif,1.9,25.07,227955,102579.75,0.45
2026,2026-08-30,Parbhani,Cotton,Kharif,0.1,22.88,227955,102579.75,0.45
2026,2026-08-31,Parbhani,Cotton,Kharif,10.7,25.1,227955,102579.75,0.45
2026,2026-09-01,Parbhani,Cotton,Kharif,3.7,24.45,227955,102579.75,0.45
2026,2026-09-02,Parbhani,Cotton,Kharif,6.2,26.53,227955,102579.75,0.45
2026,2026-09-03,Parbhani,Cotton,Kharif,3.0,24.33,227955,102579.75,0.45
2026,2026-08-19,Parbhani,Sugarcane,Kharif,0.0,18.45,66719,5228768.03,78.37
2026,2026-08-20,Parbhani,Sugarcane,Kharif,0.0,23.08,66719,5228768.03,78.37
2026,2026-08-21,Parbhani,Sugarcane,Kharif,0.0,23.35,66719,5228768.03,78.37
2026,2026-08-22,Parbhani,Sugarcane,Kharif,4.4,19.53,66719,5228768.03,78.37
2026,2026-08-23,Parbhani,Sugarcane,Kharif,37.7,21.6,66719,5228768.03,78.37
2026,2026-08-24,Parbhani,Sugarcane,Kharif,2.4,20.26,66719,5228768.03,78.37
2026,2026-08-25,Parbhani,Sugarcane,Kharif,17.0,25.1,66719,5228768.03,78.37
2026,2026-08-26,Parbhani,Sugarcane,Kharif,12.4,22.62,66719,5228768.03,78.37
2026,2026-08-27,Parbhani,Sugarcane,Kharif,0.5,19.97,66719,5228768.03,78.37
2026,2026-08-28,Parbhani,Sugarcane,Kharif,0.0,21.32,66719,5228768.03,78.37
2026,2026-08-29,Parbhani,Sugarcane,Kharif,0.8,25.07,66719,5228768.03,78.37
2026,2026-08-30,Parbhani,Sugarcane,Kharif,0.0,22.88,66719,5228768.03,78.37
2026,2026-08-31,Parbhani,Sugarcane,Kharif,1.4,25.1,66719,5228768.03,78.37
2026,2026-09-01,Parbhani,Sugarcane,Kharif,54.9,24.45,66719,5228768.03,78.37
2026,2026-09-02,Parbhani,Sugarcane,Kharif,0.0,26.53,66719,5228768.03,78.37
2026,2026-09-03,Parbhani,Sugarcane,Kharif,15.0,24.33,66719,5228768.03,78.37
2026,2026-08-19,Pune,Maize,Kharif,0.0,41.41,76489,248589.25,3.25
2026,2026-08-20,Pune,Maize,Kharif,12.9,40.18,76489,248589.25,3.25
2026,2026-08-21,Pune,Maize,Kharif,22.5,41.27,76489,248589.25,3.25
2026,2026-08-22,Pune,Maize,Kharif,13.9,40.44,76489,248589.25,3.25
2026,2026-08-23,Pune,Maize,Kharif,43.6,42.84,76489,248589.25,3.25
2026,2026-08-24,Pune,Maize,Kharif,10.3,41.6,76489,248589.25,3.25
2026,2026-08-25,Pune,Maize,Kharif,8.5,44.14,76489,248589.25,3.25
2026,2026-08-26,Pune,Maize,Kharif,18.8,43.67,76489,248589.25,3.25
2026,2026-08-27,Pune,Maize,Kharif,11.6,42.51,76489,248589.25,3.25
2026,2026-08-28,Pune,Maize,Kharif,25.5,41.66,76489,248589.25,3.25
2026,2026-08-29,Pune,Maize,Kharif,59.9,42.04,76489,248589.25,3.25
2026,2026-08-30,Pune,Maize,Kharif,3.6,44.84,76489,248589.25,3.25
2026,2026-08-31,Pune,Maize,Kharif,15.3,46.05,76489,248589.25,3.25
2026,2026-09-01,Pune,Maize,Kharif,1.5,45.04,76489,248589.25,3.25
2026,2026-09-02,Pune,Maize,Kharif,19.0,46.12,76489,248589.25,3.25
2026,2026-09-03,Pune,Maize,Kharif,24.2,44.46,76489,248589.25,3.25
2026,2026-08-19,Pune,Soybean,Kharif,15.4,41.41,212493,295365.27,1.39
2026,2026-08-20,Pune,Soybean,Kharif,42.9,40.18,212493,295365.27,1.39
2026,2026-08-21,Pune,Soybean,Kharif,1.9,41.27,212493,295365.27,1.39
2026,2026-08-22,Pune,Soybean,Kharif,2.4,40.44,212493,295365.27,1.39
2026,2026-08-23,Pune,Soybean,Kharif,2.4,42.84,212493,295365.27,1.39
2026,2026-08-24,Pune,Soybean,Kharif,12.2,41.6,212493,295365.27,1.39
2026,2026-08-25,Pune,Soybean,Kharif,0.5,44.14,212493,295365.27,1.39
2026,2026-08-26,Pune,Soybean,Kharif,6.5,43.67,212493,295365.27,1.39
2026,2026-08-27,Pune,Soybean,Kharif,0.0,42.51,212493,295365.27,1.39
2026,2026-08-28,Pune,Soybean,Kharif,1.5,41.66,212493,295365.27,1.39
2026,2026-08-29,Pune,Soybean,Kharif,46.6,42.04,212493,295365.27,1.39
2026,2026-08-30,Pune,Soybean,Kharif,3.5,44.84,212493,295365.27,1.39
2026,2026-08-31,Pune,Soybean,Kharif,16.5,46.05,212493,295365.27,1.39
2026,2026-09-01,Pune,Soybean,Kharif,15.6,45.04,212493,295365.27,1.39
2026,2026-09-02,Pune,Soybean,Kharif,1.1,46.12,212493,295365.27,1.39
2026,2026-09-03,Pune,Soybean,Kharif,0.0,44.46,212493,295365.27,1.39
2026,2026-08-19,Pune,Cotton,Kharif,0.2,41.41,288454,118266.14,0.41
2026,2026-08-20,Pune,Cotton,Kharif,1.0,40.18,288454,118266.14,0.41
2026,2026-08-21,Pune,Cotton,Kharif,1.2,41.27,288454,118266.14,0.41
2026,2026-08-22,Pune,Cotton,Kharif,8.0,40.44,288454,118266.14,0.41
2026,2026-08-23,Pune,Cotton,Kharif,13.4,42.84,288454,118266.14,0.41
2026,2026-08-24,Pune,Cotton,Kharif,31.8,41.6,288454,118266.14,0.41
2026,2026-08-25,Pune,Cotton,Kharif,22.7,44.14,288454,118266.14,0.41
2026,2026-08-26,Pune,Cotton,Kharif,25.0,43.67,288454,118266.14,0.41
2026,2026-08-27,Pune,Cotton,Kharif,36.3,42.51,288454,118266.14,0.41
2026,2026-08-28,Pune,Cotton,Kharif,13.4,41.66,288454,118266.14,0.41
2026,2026-08-29,Pune,Cotton,Kharif,24.8,42.04,288454,118266.14,0.41
2026,2026-08-30,Pune,Cotton,Kharif,14.6,44.84,288454,118266.14,0.41
2026,2026-08-31,Pune,Cotton,Kharif,9.5,46.05,288454,118266.14,0.41
2026,2026-09-01,Pune,Cotton,Kharif,27.6,45.04,288454,118266.14,0.41
2026,2026-09-02,Pune,Cotton,Kharif,31.0,46.12,288454,118266.14,0.41
2026,2026-09-03,Pune,Cotton,Kharif,33.9,44.46,288454,118266.14,0.41
2026,2026-08-19,Pune,Sugarcane,Kharif,20.6,41.41,90969,7960697.19,87.51
2026,2026-08-20,Pune,Sugarcane,Kharif,20.8,40.18,90969,7960697.19,87.51
2026,2026-08-21,Pune,Sugarcane,Kharif,28.7,41.27,90969,7960697.19,87.51
2026,2026-08-22,Pune,Sugarcane,Kharif,0.7,40.44,90969,7960697.19,87.51
2026,2026-08-23,Pune,Sugarcane,Kharif,0.4,42.84,90969,7960697.19,87.51
2026,2026-08-24,Pune,Sugarcane,Kharif,44.0,41.6,90969,7960697.19,87.51
2026,2026-08-25,Pune,Sugarcane,Kharif,22.0,44.14,90969,7960697.19,87.51
2026,2026-08-26,Pune,Sugarcane,Kharif,43.1,43.67,90969,7960697.19,87.51
2026,2026-08-27,Pune,Sugarcane,Kharif,25.0,42.51,90969,7960697.19,87.51
2026,2026-08-28,Pune,Sugarcane,Kharif,31.6,41.66,90969,7960697.19,87.51
2026,2026-08-29,Pune,Sugarcane,Kharif,11.0,42.04,90969,7960697.19,87.51
2026,2026-08-30,Pune,Sugarcane,Kharif,29.7,44.84,90969,7960697.19,87.51
2026,2026-08-31,Pune,Sugarcane,Kharif,34.7,46.05,90969,7960697.19,87.51
2026,2026-09-01,Pune,Sugarcane,Kharif,29.3,45.04,90969,7960697.19,87.51
2026,2026-09-02,Pune,Sugarcane,Kharif,16.1,46.12,90969,7960697.19,87.51
2026,2026-09-03,Pune,Sugarcane,Kharif,47.9,44.46,90969,7960697.19,87.51
2026,2026-08-19,Raigad,Maize,Kharif,47.2,24.12,115325,375959.5,3.26
2026,2026-08-20,Raigad,Maize,Kharif,4.6,23.61,115325,375959.5,3.26
2026,2026-08-21,Raigad,Maize,Kharif,0.3,23.48,115325,375959.5,3.26
2026,2026-08-22,Raigad,Maize,Kharif,1.3,24.38,115325,375959.5,3.26
2026,2026-08-23,Raigad,Maize,Kharif,6.3,21.55,115325,375959.5,3.26
2026,2026-08-24,Raigad,Maize,Kharif,3.8,21.68,115325,375959.5,3.26
2026,2026-08-25,Raigad,Maize,Kharif,0.5,24.03,115325,375959.5,3.26
2026,2026-08-26,Raigad,Maize,Kharif,21.7,23.69,115325,375959.5,3.26
2026,2026-08-27,Raigad,Maize,Kharif,3.0,19.41,115325,375959.5,3.26
2026,2026-08-28,Raigad,Maize,Kharif,13.1,21.05,115325,375959.5,3.26
2026,2026-08-29,Raigad,Maize,Kharif,12.9,21.44,115325,375959.5,3.26
2026,2026-08-30,Raigad,Maize,Kharif,1.1,20.25,115325,375959.5,3.26
2026,2026-08-31,Raigad,Maize,Kharif,10.6,18.58,115325,375959.5,3.26
2026,2026-09-01,Raigad,Maize,Kharif,22.2,19.43,115325,375959.5,3.26
2026,2026-09-02,Raigad,Maize,Kharif,0.5,21.92,115325,375959.5,3.26
2026,2026-09-03,Raigad,Maize,Kharif,14.6,19.57,115325,375959.5,3.26
2026,2026-08-19,Raigad,Soybean,Kharif,22.7,24.12,266027,321892.67,1.21
2026,2026-08-20,Raigad,Soybean,Kharif,23.6,23.61,266027,321892.67,1.21
2026,2026-08-21,Raigad,Soybean,Kharif,23.5,23.48,266027,321892.67,1.21
2026,2026-08-22,Raigad,Soybean,Kharif,27.5,24.38,266027,321892.67,1.21
2026,2026-08-23,Raigad,Soybean,Kharif,56.7,21.55,266027,321892.67,1.21
2026,2026-08-24,Raigad,Soybean,Kharif,29.4,21.68,266027,321892.67,1.21
2026,2026-08-25,Raigad,Soybean,Kharif,14.7,24.03,266027,321892.67,1.21
2026,2026-08-26,Raigad,Soybean,Kharif,29.0,23.69,266027,321892.67,1.21
2026,2026-08-27,Raigad,Soybean,Kharif,34.9,19.41,266027,321892.67,1.21
2026,2026-08-28,Raigad,Soybean,Kharif,19.3,21.05,266027,321892.67,1.21
2026,2026-08-29,Raigad,Soybean,Kharif,31.5,21.44,266027,321892.67,1.21
2026,2026-08-30,Raigad,Soybean,Kharif,21.3,20.25,266027,321892.67,1.21
2026,2026-08-31,Raigad,Soybean,Kharif,26.7,18.58,266027,321892.67,1.21
2026,2026-09-01,Raigad,Soybean,Kharif,47.6,19.43,266027,321892.67,1.21
2026,2026-09-02,Raigad,Soybean,Kharif,26.3,21.92,266027,321892.67,1.21
2026,2026-09-03,Raigad,Soybean,Kharif,27.1,19.57,266027,321892.67,1.21
2026,2026-08-19,Raigad,Cotton,Kharif,1.6,24.12,277587,116586.54,0.42
2026,2026-08-20,Raigad,Cotton,Kharif,24.1,23.61,277587,116586.54,0.42
2026,2026-08-21,Raigad,Cotton,Kharif,1.2,23.48,277587,116586.54,0.42
2026,2026-08-22,Raigad,Cotton,Kharif,23.5,24.38,277587,116586.54,0.42
2026,2026-08-23,Raigad,Cotton,Kharif,54.4,21.55,277587,116586.54,0.42
2026,2026-08-24,Raigad,Cotton,Kharif,9.7,21.68,277587,116586.54,0.42
2026,2026-08-25,Raigad,Cotton,Kharif,1.1,24.03,277587,116586.54,0.42
2026,2026-08-26,Raigad,Cotton,Kharif,16.2,23.69,277587,116586.54,0.42
2026,2026-08-27,Raigad,Cotton,Kharif,19.2,19.41,277587,116586.54,0.42
2026,2026-08-28,Raigad,Cotton,Kharif,9.7,21.05,277587,116586.54,0.42
2026,2026-08-29,Raigad,Cotton,Kharif,18.2,21.44,277587,116586.54,0.42
2026,2026-08-30,Raigad,Cotton,Kharif,0.3,20.25,277587,116586.54,0.42
2026,2026-08-31,Raigad,Cotton,Kharif,5.0,18.58,277587,116586.54,0.42
2026,2026-09-01,Raigad,Cotton,Kharif,21.4,19.43,277587,116586.54,0.42
2026,2026-09-02,Raigad,Cotton,Kharif,45.2,21.92,277587,116586.54,0.42
2026,2026-09-03,Raigad,Cotton,Kharif,12.2,19.57,277587,116586.54,0.42
2026,2026-08-19,Raigad,Sugarcane,Kharif,15.6,24.12,65843,4922422.68,74.76
2026,2026-08-20,Raigad,Sugarcane,Kharif,1.3,23.61,65843,4922422.68,74.76
2026,2026-08-21,Raigad,Sugarcane,Kharif,17.3,23.48,65843,4922422.68,74.76
2026,2026-08-22,Raigad,Sugarcane,Kharif,16.2,24.38,65843,4922422.68,74.76
2026,2026-08-23,Raigad,Sugarcane,Kharif,22.7,21.55,65843,4922422.68,74.76
2026,2026-08-24,Raigad,Sugarcane,Kharif,24.3,21.68,65843,4922422.68,74.76
2026,2026-08-25,Raigad,Sugarcane,Kharif,12.5,24.03,65843,4922422.68,74.76
2026,2026-08-26,Raigad,Sugarcane,Kharif,13.5,23.69,65843,4922422.68,74.76
2026,2026-08-27,Raigad,Sugarcane,Kharif,7.0,19.41,65843,4922422.68,74.76
2026,2026-08-28,Raigad,Sugarcane,Kharif,11.5,21.05,65843,4922422.68,74.76
2026,2026-08-29,Raigad,Sugarcane,Kharif,20.0,21.44,65843,4922422.68,74.76
2026,2026-08-30,Raigad,Sugarcane,Kharif,16.6,20.25,65843,4922422.68,74.76
2026,2026-08-31,Raigad,Sugarcane,Kharif,26.1,18.58,65843,4922422.68,74.76
2026,2026-09-01,Raigad,Sugarcane,Kharif,26.4,19.43,65843,4922422.68,74.76
2026,2026-09-02,Raigad,Sugarcane,Kharif,9.9,21.92,65843,4922422.68,74.76
2026,2026-09-03,Raigad,Sugarcane,Kharif,17.7,19.57,65843,4922422.68,74.76
2026,2026-08-19,Ratnagiri,Maize,Kharif,4.8,22.18,83464,274596.56,3.29
2026,2026-08-20,Ratnagiri,Maize,Kharif,0.0,21.83,83464,274596.56,3.29
2026,2026-08-21,Ratnagiri,Maize,Kharif,5.4,19.71,83464,274596.56,3.29
2026,2026-08-22,Ratnagiri,Maize,Kharif,10.1,17.66,83464,274596.56,3.29
2026,2026-08-23,Ratnagiri,Maize,Kharif,0.3,19.93,83464,274596.56,3.29
2026,2026-08-24,Ratnagiri,Maize,Kharif,45.9,22.54,83464,274596.56,3.29
2026,2026-08-25,Ratnagiri,Maize,Kharif,0.4,23.33,83464,274596.56,3.29
2026,2026-08-26,Ratnagiri,Maize,Kharif,0.1,24.13,83464,274596.56,3.29
2026,2026-08-27,Ratnagiri,Maize,Kharif,9.1,21.12,83464,274596.56,3.29
2026,2026-08-28,Ratnagiri,Maize,Kharif,50.3,23.29,83464,274596.56,3.29
2026,2026-08-29,Ratnagiri,Maize,Kharif,6.7,22.27,83464,274596.56,3.29
2026,2026-08-30,Ratnagiri,Maize,Kharif,55.5,22.81,83464,274596.56,3.29
2026,2026-08-31,Ratnagiri,Maize,Kharif,0.0,20.71,83464,274596.56,3.29
2026,2026-09-01,Ratnagiri,Maize,Kharif,12.8,20.9,83464,274596.56,3.29
2026,2026-09-02,Ratnagiri,Maize,Kharif,20.5,22.39,83464,274596.56,3.29
2026,2026-09-03,Ratnagiri,Maize,Kharif,19.9,20.15,83464,274596.56,3.29
2026,2026-08-19,Ratnagiri,Soybean,Kharif,17.6,22.18,189006,258938.22,1.37
2026,2026-08-20,Ratnagiri,Soybean,Kharif,21.1,21.83,189006,258938.22,1.37
2026,2026-08-21,Ratnagiri,Soybean,Kharif,0.3,19.71,189006,258938.22,1.37
2026,2026-08-22,Ratnagiri,Soybean,Kharif,54.5,17.66,189006,258938.22,1.37
2026,2026-08-23,Ratnagiri,Soybean,Kharif,16.6,19.93,189006,258938.22,1.37
2026,2026-08-24,Ratnagiri,Soybean,Kharif,7.0,22.54,189006,258938.22,1.37
2026,2026-08-25,Ratnagiri,Soybean,Kharif,10.3,23.33,189006,258938.22,1.37
2026,2026-08-26,Ratnagiri,Soybean,Kharif,0.2,24.13,189006,258938.22,1.37
2026,2026-08-27,Ratnagiri,Soybean,Kharif,23.9,21.12,189006,258938.22,1.37
2026,2026-08-28,Ratnagiri,Soybean,Kharif,0.0,23.29,189006,258938.22,1.37
2026,2026-08-29,Ratnagiri,Soybean,Kharif,41.9,22.27,189006,258938.22,1.37
2026,2026-08-30,Ratnagiri,Soybean,Kharif,21.6,22.81,189006,258938.22,1.37
2026,2026-08-31,Ratnagiri,Soybean,Kharif,32.6,20.71,189006,258938.22,1.37
2026,2026-09-01,Ratnagiri,Soybean,Kharif,12.1,20.9,189006,258938.22,1.37
2026,2026-09-02,Ratnagiri,Soybean,Kharif,0.6,22.39,189006,258938.22,1.37
2026,2026-09-03,Ratnagiri,Soybean,Kharif,55.1,20.15,189006,258938.22,1.37
2026,2026-08-19,Ratnagiri,Cotton,Kharif,55.3,22.18,272441,119874.04,0.44
2026,2026-08-20,Ratnagiri,Cotton,Kharif,26.2,21.83,272441,119874.04,0.44
2026,2026-08-21,Ratnagiri,Cotton,Kharif,34.2,19.71,272441,119874.04,0.44
2026,2026-08-22,Ratnagiri,Cotton,Kharif,22.0,17.66,272441,119874.04,0.44
2026,2026-08-23,Ratnagiri,Cotton,Kharif,32.7,19.93,272441,119874.04,0.44
2026,2026-08-24,Ratnagiri,Cotton,Kharif,22.0,22.54,272441,119874.04,0.44
2026,2026-08-25,Ratnagiri,Cotton,Kharif,28.1,23.33,272441,119874.04,0.44
2026,2026-08-26,Ratnagiri,Cotton,Kharif,1.3,24.13,272441,119874.04,0.44
2026,2026-08-27,Ratnagiri,Cotton,Kharif,51.9,21.12,272441,119874.04,0.44
2026,2026-08-28,Ratnagiri,Cotton,Kharif,24.8,23.29,272441,119874.04,0.44
2026,2026-08-29,Ratnagiri,Cotton,Kharif,33.4,22.27,272441,119874.04,0.44
2026,2026-08-30,Ratnagiri,Cotton,Kharif,1.7,22.81,272441,119874.04,0.44
2026,2026-08-31,Ratnagiri,Cotton,Kharif,21.5,20.71,272441,119874.04,0.44
2026,2026-09-01,Ratnagiri,Cotton,Kharif,1.3,20.9,272441,119874.04,0.44
2026,2026-09-02,Ratnagiri,Cotton,Kharif,40.6,22.39,272441,119874.04,0.44
2026,2026-09-03,Ratnagiri,Cotton,Kharif,32.6,20.15,272441,119874.04,0.44
2026,2026-08-19,Ratnagiri,Sugarcane,Kharif,41.7,22.18,89207,8039334.84,90.12
2026,2026-08-20,Ratnagiri,Sugarcane,Kharif,52.1,21.83,89207,8039334.84,90.12
2026,2026-08-21,Ratnagiri,Sugarcane,Kharif,47.5,19.71,89207,8039334.84,90.12
2026,2026-08-22,Ratnagiri,Sugarcane,Kharif,10.6,17.66,89207,8039334.84,90.12
2026,2026-08-23,Ratnagiri,Sugarcane,Kharif,0.0,19.93,89207,8039334.84,90.12
2026,2026-08-24,Ratnagiri,Sugarcane,Kharif,12.1,22.54,89207,8039334.84,90.12
2026,2026-08-25,Ratnagiri,Sugarcane,Kharif,23.2,23.33,89207,8039334.84,90.12
2026,2026-08-26,Ratnagiri,Sugarcane,Kharif,1.8,24.13,89207,8039334.84,90.12
2026,2026-08-27,Ratnagiri,Sugarcane,Kharif,6.4,21.12,89207,8039334.84,90.12
2026,2026-08-28,Ratnagiri,Sugarcane,Kharif,2.6,23.29,89207,8039334.84,90.12
2026,2026-08-29,Ratnagiri,Sugarcane,Kharif,20.9,22.27,89207,8039334.84,90.12
2026,2026-08-30,Ratnagiri,Sugarcane,Kharif,14.5,22.81,89207,8039334.84,90.12
2026,2026-08-31,Ratnagiri,Sugarcane,Kharif,29.1,20.71,89207,8039334.84,90.12
2026,2026-09-01,Ratnagiri,Sugarcane,Kharif,47.3,20.9,89207,8039334.84,90.12
2026,2026-09-02,Ratnagiri,Sugarcane,Kharif,57.9,22.39,89207,8039334.84,90.12
2026,2026-09-03,Ratnagiri,Sugarcane,Kharif,10.5,20.15,89207,8039334.84,90.12
2026,2026-08-19,Sangli,Maize,Kharif,23.0,21.2,93011,291124.43,3.13
2026,2026-08-20,Sangli,Maize,Kharif,14.2,19.39,93011,291124.43,3.13
2026,2026-08-21,Sangli,Maize,Kharif,1.4,17.79,93011,291124.43,3.13
2026,2026-08-22,Sangli,Maize,Kharif,9.3,19.44,93011,291124.43,3.13
2026,2026-08-23,Sangli,Maize,Kharif,21.7,17.24,93011,291124.43,3.13
2026,2026-08-24,Sangli,Maize,Kharif,7.6,20.04,93011,291124.43,3.13
2026,2026-08-25,Sangli,Maize,Kharif,14.9,16.31,93011,291124.43,3.13
2026,2026-08-26,Sangli,Maize,Kharif,9.9,18.34,93011,291124.43,3.13
2026,2026-08-27,Sangli,Maize,Kharif,4.7,19.2,93011,291124.43,3.13
2026,2026-08-28,Sangli,Maize,Kharif,5.4,15.82,93011,291124.43,3.13
2026,2026-08-29,Sangli,Maize,Kharif,0.0,19.35,93011,291124.43,3.13
2026,2026-08-30,Sangli,Maize,Kharif,11.4,16.14,93011,291124.43,3.13
2026,2026-08-31,Sangli,Maize,Kharif,12.5,17.93,93011,291124.43,3.13
2026,2026-09-01,Sangli,Maize,Kharif,21.5,15.3,93011,291124.43,3.13
2026,2026-09-02,Sangli,Maize,Kharif,42.0,17.11,93011,291124.43,3.13
2026,2026-09-03,Sangli,Maize,Kharif,16.6,15.94,93011,291124.43,3.13
2026,2026-08-19,Sangli,Soybean,Kharif,0.5,21.2,174433,218041.25,1.25
2026,2026-08-20,Sangli,Soybean,Kharif,17.3,19.39,174433,218041.25,1.25
2026,2026-08-21,Sangli,Soybean,Kharif,6.3,17.79,174433,218041.25,1.25
2026,2026-08-22,Sangli,Soybean,Kharif,38.7,19.44,174433,218041.25,1.25
2026,2026-08-23,Sangli,Soybean,Kharif,12.6,17.24,174433,218041.25,1.25
2026,2026-08-24,Sangli,Soybean,Kharif,0.0,20.04,174433,218041.25,1.25
2026,2026-08-25,Sangli,Soybean,Kharif,9.6,16.31,174433,218041.25,1.25
2026,2026-08-26,Sangli,Soybean,Kharif,7.0,18.34,174433,218041.25,1.25
2026,2026-08-27,Sangli,Soybean,Kharif,0.0,19.2,174433,218041.25,1.25
2026,2026-08-28,Sangli,Soybean,Kharif,2.2,15.82,174433,218041.25,1.25
2026,2026-08-29,Sangli,Soybean,Kharif,6.2,19.35,174433,218041.25,1.25
2026,2026-08-30,Sangli,Soybean,Kharif,1.6,16.14,174433,218041.25,1.25
2026,2026-08-31,Sangli,Soybean,Kharif,3.6,17.93,174433,218041.25,1.25
2026,2026-09-01,Sangli,Soybean,Kharif,3.2,15.3,174433,218041.25,1.25
2026,2026-09-02,Sangli,Soybean,Kharif,0.0,17.11,174433,218041.25,1.25
2026,2026-09-03,Sangli,Soybean,Kharif,2.7,15.94,174433,218041.25,1.25
2026,2026-08-19,Sangli,Cotton,Kharif,1.7,21.2,358743,165021.78,0.46
2026,2026-08-20,Sangli,Cotton,Kharif,40.0,19.39,358743,165021.78,0.46
2026,2026-08-21,Sangli,Cotton,Kharif,2.5,17.79,358743,165021.78,0.46
2026,2026-08-22,Sangli,Cotton,Kharif,1.4,19.44,358743,165021.78,0.46
2026,2026-08-23,Sangli,Cotton,Kharif,1.1,17.24,358743,165021.78,0.46
2026,2026-08-24,Sangli,Cotton,Kharif,0.0,20.04,358743,165021.78,0.46
2026,2026-08-25,Sangli,Cotton,Kharif,44.5,16.31,358743,165021.78,0.46
2026,2026-08-26,Sangli,Cotton,Kharif,2.4,18.34,358743,165021.78,0.46
2026,2026-08-27,Sangli,Cotton,Kharif,2.1,19.2,358743,165021.78,0.46
2026,2026-08-28,Sangli,Cotton,Kharif,0.0,15.82,358743,165021.78,0.46
2026,2026-08-29,Sangli,Cotton,Kharif,15.0,19.35,358743,165021.78,0.46
2026,2026-08-30,Sangli,Cotton,Kharif,9.7,16.14,358743,165021.78,0.46
2026,2026-08-31,Sangli,Cotton,Kharif,7.5,17.93,358743,165021.78,0.46
2026,2026-09-01,Sangli,Cotton,Kharif,3.8,15.3,358743,165021.78,0.46
2026,2026-09-02,Sangli,Cotton,Kharif,11.5,17.11,358743,165021.78,0.46
2026,2026-09-03,Sangli,Cotton,Kharif,0.0,15.94,358743,165021.78,0.46
2026,2026-08-19,Sangli,Sugarcane,Kharif,17.7,21.2,71772,6177416.04,86.07
2026,2026-08-20,Sangli,Sugarcane,Kharif,45.3,19.39,71772,6177416.04,86.07
2026,2026-08-21,Sangli,Sugarcane,Kharif,25.0,17.79,71772,6177416.04,86.07
2026,2026-08-22,Sangli,Sugarcane,Kharif,14.1,19.44,71772,6177416.04,86.07
2026,2026-08-23,Sangli,Sugarcane,Kharif,52.5,17.24,71772,6177416.04,86.07
2026,2026-08-24,Sangli,Sugarcane,Kharif,0.3,20.04,71772,6177416.04,86.07
2026,2026-08-25,Sangli,Sugarcane,Kharif,0.1,16.31,71772,6177416.04,86.07
2026,2026-08-26,Sangli,Sugarcane,Kharif,48.7,18.34,71772,6177416.04,86.07
2026,2026-08-27,Sangli,Sugarcane,Kharif,0.8,19.2,71772,6177416.04,86.07
2026,2026-08-28,Sangli,Sugarcane,Kharif,17.7,15.82,71772,6177416.04,86.07
2026,2026-08-29,Sangli,Sugarcane,Kharif,15.4,19.35,71772,6177416.04,86.07
2026,2026-08-30,Sangli,Sugarcane,Kharif,17.4,16.14,71772,6177416.04,86.07
2026,2026-08-31,Sangli,Sugarcane,Kharif,7.7,17.93,71772,6177416.04,86.07
2026,2026-09-01,Sangli,Sugarcane,Kharif,9.3,15.3,71772,6177416.04,86.07
2026,2026-09-02,Sangli,Sugarcane,Kharif,9.2,17.11,71772,6177416.04,86.07
2026,2026-09-03,Sangli,Sugarcane,Kharif,1.3,15.94,71772,6177416.04,86.07
2026,2026-08-19,Satara,Maize,Kharif,0.7,38.21,66086,201562.3,3.05
2026,2026-08-20,Satara,Maize,Kharif,25.5,35.75,66086,201562.3,3.05
2026,2026-08-21,Satara,Maize,Kharif,2.3,37.81,66086,201562.3,3.05
2026,2026-08-22,Satara,Maize,Kharif,29.4,38.12,66086,201562.3,3.05
2026,2026-08-23,Satara,Maize,Kharif,13.0,34.47,66086,201562.3,3.05
2026,2026-08-24,Satara,Maize,Kharif,15.7,33.27,66086,201562.3,3.05
2026,2026-08-25,Satara,Maize,Kharif,10.9,32.72,66086,201562.3,3.05
2026,2026-08-26,Satara,Maize,Kharif,20.5,35.67,66086,201562.3,3.05
2026,2026-08-27,Satara,Maize,Kharif,8.2,38.26,66086,201562.3,3.05
2026,2026-08-28,Satara,Maize,Kharif,18.6,34.19,66086,201562.3,3.05
2026,2026-08-29,Satara,Maize,Kharif,21.8,35.81,66086,201562.3,3.05
2026,2026-08-30,Satara,Maize,Kharif,1.6,36.43,66086,201562.3,3.05
2026,2026-08-31,Satara,Maize,Kharif,29.0,35.48,66086,201562.3,3.05
2026,2026-09-01,Satara,Maize,Kharif,21.2,35.92,66086,201562.3,3.05
2026,2026-09-02,Satara,Maize,Kharif,58.7,36.92,66086,201562.3,3.05
2026,2026-09-03,Satara,Maize,Kharif,22.4,32.24,66086,201562.3,3.05
2026,2026-08-19,Satara,Soybean,Kharif,3.6,38.21,220376,306322.64,1.39
2026,2026-08-20,Satara,Soybean,Kharif,0.7,35.75,220376,306322.64,1.39
2026,2026-08-21,Satara,Soybean,Kharif,10.8,37.81,220376,306322.64,1.39
2026,2026-08-22,Satara,Soybean,Kharif,1.4,38.12,220376,306322.64,1.39
2026,2026-08-23,Satara,Soybean,Kharif,8.1,34.47,220376,306322.64,1.39
2026,2026-08-24,Satara,Soybean,Kharif,0.7,33.27,220376,306322.64,1.39
2026,2026-08-25,Satara,Soybean,Kharif,9.5,32.72,220376,306322.64,1.39
2026,2026-08-26,Satara,Soybean,Kharif,6.8,35.67,220376,306322.64,1.39
2026,2026-08-27,Satara,Soybean,Kharif,0.0,38.26,220376,306322.64,1.39
2026,2026-08-28,Satara,Soybean,Kharif,2.3,34.19,220376,306322.64,1.39
2026,2026-08-29,Satara,Soybean,Kharif,18.1,35.81,220376,306322.64,1.39
2026,2026-08-30,Satara,Soybean,Kharif,8.3,36.43,220376,306322.64,1.39
2026,2026-08-31,Satara,Soybean,Kharif,1.1,35.48,220376,306322.64,1.39
2026,2026-09-01,Satara,Soybean,Kharif,0.5,35.92,220376,306322.64,1.39
2026,2026-09-02,Satara,Soybean,Kharif,0.9,36.92,220376,306322.64,1.39
2026,2026-09-03,Satara,Soybean,Kharif,7.7,32.24,220376,306322.64,1.39
2026,2026-08-19,Satara,Cotton,Kharif,16.0,38.21,222448,108999.52,0.49
2026,2026-08-20,Satara,Cotton,Kharif,0.5,35.75,222448,108999.52,0.49
2026,2026-08-21,Satara,Cotton,Kharif,14.9,37.81,222448,108999.52,0.49
2026,2026-08-22,Satara,Cotton,Kharif,9.9,38.12,222448,108999.52,0.49
2026,2026-08-23,Satara,Cotton,Kharif,11.9,34.47,222448,108999.52,0.49
2026,2026-08-24,Satara,Cotton,Kharif,21.5,33.27,222448,108999.52,0.49
2026,2026-08-25,Satara,Cotton,Kharif,46.6,32.72,222448,108999.52,0.49
2026,2026-08-26,Satara,Cotton,Kharif,8.3,35.67,222448,108999.52,0.49
2026,2026-08-27,Satara,Cotton,Kharif,36.4,38.26,222448,108999.52,0.49
2026,2026-08-28,Satara,Cotton,Kharif,29.2,34.19,222448,108999.52,0.49
2026,2026-08-29,Satara,Cotton,Kharif,0.9,35.81,222448,108999.52,0.49
2026,2026-08-30,Satara,Cotton,Kharif,23.7,36.43,222448,108999.52,0.49
2026,2026-08-31,Satara,Cotton,Kharif,3.3,35.48,222448,108999.52,0.49
2026,2026-09-01,Satara,Cotton,Kharif,1.5,35.92,222448,108999.52,0.49
2026,2026-09-02,Satara,Cotton,Kharif,16.9,36.92,222448,108999.52,0.49
2026,2026-09-03,Satara,Cotton,Kharif,7.1,32.24,222448,108999.52,0.49
2026,2026-08-19,Satara,Sugarcane,Kharif,6.9,38.21,52364,4024173.4,76.85
2026,2026-08-20,Satara,Sugarcane,Kharif,46.8,35.75,52364,4024173.4,76.85
2026,2026-08-21,Satara,Sugarcane,Kharif,0.0,37.81,52364,4024173.4,76.85
2026,2026-08-22,Satara,Sugarcane,Kharif,0.7,38.12,52364,4024173.4,76.85
2026,2026-08-23,Satara,Sugarcane,Kharif,1.9,34.47,52364,4024173.4,76.85
2026,2026-08-24,Satara,Sugarcane,Kharif,15.8,33.27,52364,4024173.4,76.85
2026,2026-08-25,Satara,Sugarcane,Kharif,2.2,32.72,52364,4024173.4,76.85
2026,2026-08-26,Satara,Sugarcane,Kharif,56.6,35.67,52364,4024173.4,76.85
2026,2026-08-27,Satara,Sugarcane,Kharif,1.6,38.26,52364,4024173.4,76.85
2026,2026-08-28,Satara,Sugarcane,Kharif,1.3,34.19,52364,4024173.4,76.85
2026,2026-08-29,Satara,Sugarcane,Kharif,8.9,35.81,52364,4024173.4,76.85
2026,2026-08-30,Satara,Sugarcane,Kharif,1.6,36.43,52364,4024173.4,76.85
2026,2026-08-31,Satara,Sugarcane,Kharif,0.1,35.48,52364,4024173.4,76.85
2026,2026-09-01,Satara,Sugarcane,Kharif,11.3,35.92,52364,4024173.4,76.85
2026,2026-09-02,Satara,Sugarcane,Kharif,0.0,36.92,52364,4024173.4,76.85
2026,2026-09-03,Satara,Sugarcane,Kharif,0.3,32.24,52364,4024173.4,76.85
2026,2026-08-19,Sindhudurg,Maize,Kharif,2.4,29.2,95131,295857.41,3.11
2026,2026-08-20,Sindhudurg,Maize,Kharif,59.9,28.56,95131,295857.41,3.11
2026,2026-08-21,Sindhudurg,Maize,Kharif,17.5,31.34,95131,295857.41,3.11
2026,2026-08-22,Sindhudurg,Maize,Kharif,11.0,30.23,95131,295857.41,3.11
2026,2026-08-23,Sindhudurg,Maize,Kharif,10.9,27.67,95131,295857.41,3.11
2026,2026-08-24,Sindhudurg,Maize,Kharif,54.7,30.08,95131,295857.41,3.11
2026,2026-08-25,Sindhudurg,Maize,Kharif,11.0,30.01,95131,295857.41,3.11
2026,2026-08-26,Sindhudurg,Maize,Kharif,2.0,25.93,95131,295857.41,3.11
2026,2026-08-27,Sindhudurg,Maize,Kharif,8.8,28.09,95131,295857.41,3.11
2026,2026-08-28,Sindhudurg,Maize,Kharif,18.2,28.45,95131,295857.41,3.11
2026,2026-08-29,Sindhudurg,Maize,Kharif,19.6,24.17,95131,295857.41,3.11
2026,2026-08-30,Sindhudurg,Maize,Kharif,3.4,27.92,95131,295857.41,3.11
2026,2026-08-31,Sindhudurg,Maize,Kharif,18.7,28.31,95131,295857.41,3.11
2026,2026-09-01,Sindhudurg,Maize,Kharif,0.0,22.7,95131,295857.41,3.11
2026,2026-09-02,Sindhudurg,Maize,Kharif,17.4,21.72,95131,295857.41,3.11
2026,2026-09-03,Sindhudurg,Maize,Kharif,15.6,22.96,95131,295857.41,3.11
2026,2026-08-19,Sindhudurg,Soybean,Kharif,1.2,29.2,185046,222055.2,1.2
2026,2026-08-20,Sindhudurg,Soybean,Kharif,5.7,28.56,185046,222055.2,1.2
2026,2026-08-21,Sindhudurg,Soybean,Kharif,1.3,31.34,185046,222055.2,1.2
2026,2026-08-22,Sindhudurg,Soybean,Kharif,14.0,30.23,185046,222055.2,1.2
2026,2026-08-23,Sindhudurg,Soybean,Kharif,22.0,27.67,185046,222055.2,1.2
2026,2026-08-24,Sindhudurg,Soybean,Kharif,8.2,30.08,185046,222055.2,1.2
2026,2026-08-25,Sindhudurg,Soybean,Kharif,4.3,30.01,185046,222055.2,1.2
2026,2026-08-26,Sindhudurg,Soybean,Kharif,0.0,25.93,185046,222055.2,1.2
2026,2026-08-27,Sindhudurg,Soybean,Kharif,0.0,28.09,185046,222055.2,1.2
2026,2026-08-28,Sindhudurg,Soybean,Kharif,5.0,28.45,185046,222055.2,1.2
2026,2026-08-29,Sindhudurg,Soybean,Kharif,1.3,24.17,185046,222055.2,1.2
2026,2026-08-30,Sindhudurg,Soybean,Kharif,1.0,27.92,185046,222055.2,1.2
2026,2026-08-31,Sindhudurg,Soybean,Kharif,1.7,28.31,185046,222055.2,1.2
2026,2026-09-01,Sindhudurg,Soybean,Kharif,1.7,22.7,185046,222055.2,1.2
2026,2026-09-02,Sindhudurg,Soybean,Kharif,16.7,21.72,185046,222055.2,1.2
2026,2026-09-03,Sindhudurg,Soybean,Kharif,14.8,22.96,185046,222055.2,1.2
2026,2026-08-19,Sindhudurg,Cotton,Kharif,27.8,29.2,345568,148594.24,0.43
2026,2026-08-20,Sindhudurg,Cotton,Kharif,19.9,28.56,345568,148594.24,0.43
2026,2026-08-21,Sindhudurg,Cotton,Kharif,15.9,31.34,345568,148594.24,0.43
2026,2026-08-22,Sindhudurg,Cotton,Kharif,38.4,30.23,345568,148594.24,0.43
2026,2026-08-23,Sindhudurg,Cotton,Kharif,29.7,27.67,345568,148594.24,0.43
2026,2026-08-24,Sindhudurg,Cotton,Kharif,24.2,30.08,345568,148594.24,0.43
2026,2026-08-25,Sindhudurg,Cotton,Kharif,19.6,30.01,345568,148594.24,0.43
2026,2026-08-26,Sindhudurg,Cotton,Kharif,1.1,25.93,345568,148594.24,0.43
2026,2026-08-27,Sindhudurg,Cotton,Kharif,45.4,28.09,345568,148594.24,0.43
2026,2026-08-28,Sindhudurg,Cotton,Kharif,17.9,28.45,345568,148594.24,0.43
2026,2026-08-29,Sindhudurg,Cotton,Kharif,7.3,24.17,345568,148594.24,0.43
2026,2026-08-30,Sindhudurg,Cotton,Kharif,0.1,27.92,345568,148594.24,0.43
2026,2026-08-31,Sindhudurg,Cotton,Kharif,40.9,28.31,345568,148594.24,0.43
2026,2026-09-01,Sindhudurg,Cotton,Kharif,1.5,22.7,345568,148594.24,0.43
2026,2026-09-02,Sindhudurg,Cotton,Kharif,14.8,21.72,345568,148594.24,0.43
2026,2026-09-03,Sindhudurg,Cotton,Kharif,15.8,22.96,345568,148594.24,0.43
2026,2026-08-19,Sindhudurg,Sugarcane,Kharif,16.5,29.2,73969,6210437.24,83.96
2026,2026-08-20,Sindhudurg,Sugarcane,Kharif,14.3,28.56,73969,6210437.24,83.96
2026,2026-08-21,Sindhudurg,Sugarcane,Kharif,19.4,31.34,73969,6210437.24,83.96
2026,2026-08-22,Sindhudurg,Sugarcane,Kharif,6.1,30.23,73969,6210437.24,83.96
2026,2026-08-23,Sindhudurg,Sugarcane,Kharif,39.2,27.67,73969,6210437.24,83.96
2026,2026-08-24,Sindhudurg,Sugarcane,Kharif,20.5,30.08,73969,6210437.24,83.96
2026,2026-08-25,Sindhudurg,Sugarcane,Kharif,15.1,30.01,73969,6210437.24,83.96
2026,2026-08-26,Sindhudurg,Sugarcane,Kharif,46.1,25.93,73969,6210437.24,83.96
2026,2026-08-27,Sindhudurg,Sugarcane,Kharif,21.5,28.09,73969,6210437.24,83.96
2026,2026-08-28,Sindhudurg,Sugarcane,Kharif,24.6,28.45,73969,6210437.24,83.96
2026,2026-08-29,Sindhudurg,Sugarcane,Kharif,17.1,24.17,73969,6210437.24,83.96
2026,2026-08-30,Sindhudurg,Sugarcane,Kharif,5.8,27.92,73969,6210437.24,83.96
2026,2026-08-31,Sindhudurg,Sugarcane,Kharif,22.9,28.31,73969,6210437.24,83.96
2026,2026-09-01,Sindhudurg,Sugarcane,Kharif,20.6,22.7,73969,6210437.24,83.96
2026,2026-09-02,Sindhudurg,Sugarcane,Kharif,41.4,21.72,73969,6210437.24,83.96
2026,2026-09-03,Sindhudurg,Sugarcane,Kharif,46.2,22.96,73969,6210437.24,83.96
2026,2026-08-19,Solapur,Maize,Kharif,26.2,38.51,85638,261195.9,3.05
2026,2026-08-20,Solapur,Maize,Kharif,49.9,35.31,85638,261195.9,3.05
2026,2026-08-21,Solapur,Maize,Kharif,19.7,37.4,85638,261195.9,3.05
2026,2026-08-22,Solapur,Maize,Kharif,12.7,33.74,85638,261195.9,3.05
2026,2026-08-23,Solapur,Maize,Kharif,14.0,37.61,85638,261195.9,3.05
2026,2026-08-24,Solapur,Maize,Kharif,11.6,37.41,85638,261195.9,3.05
2026,2026-08-25,Solapur,Maize,Kharif,11.3,34.43,85638,261195.9,3.05
2026,2026-08-26,Solapur,Maize,Kharif,23.0,38.63,85638,261195.9,3.05
2026,2026-08-27,Solapur,Maize,Kharif,38.9,39.28,85638,261195.9,3.05
2026,2026-08-28,Solapur,Maize,Kharif,0.7,37.96,85638,261195.9,3.05
2026,2026-08-29,Solapur,Maize,Kharif,0.7,35.26,85638,261195.9,3.05
2026,2026-08-30,Solapur,Maize,Kharif,14.5,40.61,85638,261195.9,3.05
2026,2026-08-31,Solapur,Maize,Kharif,0.8,39.58,85638,261195.9,3.05
2026,2026-09-01,Solapur,Maize,Kharif,53.4,37.15,85638,261195.9,3.05
2026,2026-09-02,Solapur,Maize,Kharif,27.5,37.81,85638,261195.9,3.05
2026,2026-09-03,Solapur,Maize,Kharif,19.9,37.64,85638,261195.9,3.05
2026,2026-08-19,Solapur,Soybean,Kharif,32.0,38.51,223007,314439.87,1.41
2026,2026-08-20,Solapur,Soybean,Kharif,49.9,35.31,223007,314439.87,1.41
2026,2026-08-21,Solapur,Soybean,Kharif,17.5,37.4,223007,314439.87,1.41
2026,2026-08-22,Solapur,Soybean,Kharif,0.1,33.74,223007,314439.87,1.41
2026,2026-08-23,Solapur,Soybean,Kharif,8.4,37.61,223007,314439.87,1.41
2026,2026-08-24,Solapur,Soybean,Kharif,22.2,37.41,223007,314439.87,1.41
2026,2026-08-25,Solapur,Soybean,Kharif,56.7,34.43,223007,314439.87,1.41
2026,2026-08-26,Solapur,Soybean,Kharif,11.2,38.63,223007,314439.87,1.41
2026,2026-08-27,Solapur,Soybean,Kharif,17.8,39.28,223007,314439.87,1.41
2026,2026-08-28,Solapur,Soybean,Kharif,18.1,37.96,223007,314439.87,1.41
2026,2026-08-29,Solapur,Soybean,Kharif,18.0,35.26,223007,314439.87,1.41
2026,2026-08-30,Solapur,Soybean,Kharif,21.0,40.61,223007,314439.87,1.41
2026,2026-08-31,Solapur,Soybean,Kharif,1.0,39.58,223007,314439.87,1.41
2026,2026-09-01,Solapur,Soybean,Kharif,31.1,37.15,223007,314439.87,1.41
2026,2026-09-02,Solapur,Soybean,Kharif,22.8,37.81,223007,314439.87,1.41
2026,2026-09-03,Solapur,Soybean,Kharif,11.0,37.64,223007,314439.87,1.41
2026,2026-08-19,Solapur,Cotton,Kharif,4.1,38.51,230315,108248.05,0.47
2026,2026-08-20,Solapur,Cotton,Kharif,11.7,35.31,230315,108248.05,0.47
2026,2026-08-21,Solapur,Cotton,Kharif,11.9,37.4,230315,108248.05,0.47
2026,2026-08-22,Solapur,Cotton,Kharif,0.8,33.74,230315,108248.05,0.47
2026,2026-08-23,Solapur,Cotton,Kharif,1.0,37.61,230315,108248.05,0.47
2026,2026-08-24,Solapur,Cotton,Kharif,12.4,37.41,230315,108248.05,0.47
2026,2026-08-25,Solapur,Cotton,Kharif,12.6,34.43,230315,108248.05,0.47
2026,2026-08-26,Solapur,Cotton,Kharif,6.4,38.63,230315,108248.05,0.47
2026,2026-08-27,Solapur,Cotton,Kharif,5.1,39.28,230315,108248.05,0.47
2026,2026-08-28,Solapur,Cotton,Kharif,9.5,37.96,230315,108248.05,0.47
2026,2026-08-29,Solapur,Cotton,Kharif,12.5,35.26,230315,108248.05,0.47
2026,2026-08-30,Solapur,Cotton,Kharif,12.5,40.61,230315,108248.05,0.47
2026,2026-08-31,Solapur,Cotton,Kharif,7.9,39.58,230315,108248.05,0.47
2026,2026-09-01,Solapur,Cotton,Kharif,5.4,37.15,230315,108248.05,0.47
2026,2026-09-02,Solapur,Cotton,Kharif,15.2,37.81,230315,108248.05,0.47
2026,2026-09-03,Solapur,Cotton,Kharif,0.6,37.64,230315,108248.05,0.47
2026,2026-08-19,Solapur,Sugarcane,Kharif,33.4,38.51,59024,4739036.96,80.29
2026,2026-08-20,Solapur,Sugarcane,Kharif,0.1,35.31,59024,4739036.96,80.29
2026,2026-08-21,Solapur,Sugarcane,Kharif,24.2,37.4,59024,4739036.96,80.29
2026,2026-08-22,Solapur,Sugarcane,Kharif,15.3,33.74,59024,4739036.96,80.29
2026,2026-08-23,Solapur,Sugarcane,Kharif,37.8,37.61,59024,4739036.96,80.29
2026,2026-08-24,Solapur,Sugarcane,Kharif,1.9,37.41,59024,4739036.96,80.29
2026,2026-08-25,Solapur,Sugarcane,Kharif,56.7,34.43,59024,4739036.96,80.29
2026,2026-08-26,Solapur,Sugarcane,Kharif,34.3,38.63,59024,4739036.96,80.29
2026,2026-08-27,Solapur,Sugarcane,Kharif,1.4,39.28,59024,4739036.96,80.29
2026,2026-08-28,Solapur,Sugarcane,Kharif,0.9,37.96,59024,4739036.96,80.29
2026,2026-08-29,Solapur,Sugarcane,Kharif,0.4,35.26,59024,4739036.96,80.29
2026,2026-08-30,Solapur,Sugarcane,Kharif,27.5,40.61,59024,4739036.96,80.29
2026,2026-08-31,Solapur,Sugarcane,Kharif,34.1,39.58,59024,4739036.96,80.29
2026,2026-09-01,Solapur,Sugarcane,Kharif,24.2,37.15,59024,4739036.96,80.29
2026,2026-09-02,Solapur,Sugarcane,Kharif,20.4,37.81,59024,4739036.96,80.29
2026,2026-09-03,Solapur,Sugarcane,Kharif,1.2,37.64,59024,4739036.96,80.29
2026,2026-08-19,Thane,Maize,Kharif,0.3,33.1,99271,285900.48,2.88
2026,2026-08-20,Thane,Maize,Kharif,21.0,36.16,99271,285900.48,2.88
2026,2026-08-21,Thane,Maize,Kharif,1.3,36.0,99271,285900.48,2.88
2026,2026-08-22,Thane,Maize,Kharif,0.8,31.71,99271,285900.48,2.88
2026,2026-08-23,Thane,Maize,Kharif,7.5,36.84,99271,285900.48,2.88
2026,2026-08-24,Thane,Maize,Kharif,51.5,34.9,99271,285900.48,2.88
2026,2026-08-25,Thane,Maize,Kharif,35.5,36.06,99271,285900.48,2.88
2026,2026-08-26,Thane,Maize,Kharif,51.2,35.34,99271,285900.48,2.88
2026,2026-08-27,Thane,Maize,Kharif,2.2,33.71,99271,285900.48,2.88
2026,2026-08-28,Thane,Maize,Kharif,0.6,35.51,99271,285900.48,2.88
2026,2026-08-29,Thane,Maize,Kharif,48.3,36.91,99271,285900.48,2.88
2026,2026-08-30,Thane,Maize,Kharif,33.2,32.74,99271,285900.48,2.88
2026,2026-08-31,Thane,Maize,Kharif,0.6,35.97,99271,285900.48,2.88
2026,2026-09-01,Thane,Maize,Kharif,0.5,34.36,99271,285900.48,2.88
2026,2026-09-02,Thane,Maize,Kharif,23.0,34.04,99271,285900.48,2.88
2026,2026-09-03,Thane,Maize,Kharif,14.6,33.76,99271,285900.48,2.88
2026,2026-08-19,Thane,Soybean,Kharif,14.8,33.1,195735,268156.95,1.37
2026,2026-08-20,Thane,Soybean,Kharif,13.9,36.16,195735,268156.95,1.37
2026,2026-08-21,Thane,Soybean,Kharif,34.0,36.0,195735,268156.95,1.37
2026,2026-08-22,Thane,Soybean,Kharif,0.4,31.71,195735,268156.95,1.37
2026,2026-08-23,Thane,Soybean,Kharif,55.4,36.84,195735,268156.95,1.37
2026,2026-08-24,Thane,Soybean,Kharif,1.1,34.9,195735,268156.95,1.37
2026,2026-08-25,Thane,Soybean,Kharif,0.3,36.06,195735,268156.95,1.37
2026,2026-08-26,Thane,Soybean,Kharif,21.3,35.34,195735,268156.95,1.37
2026,2026-08-27,Thane,Soybean,Kharif,0.8,33.71,195735,268156.95,1.37
2026,2026-08-28,Thane,Soybean,Kharif,50.3,35.51,195735,268156.95,1.37
2026,2026-08-29,Thane,Soybean,Kharif,4.9,36.91,195735,268156.95,1.37
2026,2026-08-30,Thane,Soybean,Kharif,12.2,32.74,195735,268156.95,1.37
2026,2026-08-31,Thane,Soybean,Kharif,57.7,35.97,195735,268156.95,1.37
2026,2026-09-01,Thane,Soybean,Kharif,16.5,34.36,195735,268156.95,1.37
2026,2026-09-02,Thane,Soybean,Kharif,13.1,34.04,195735,268156.95,1.37
2026,2026-09-03,Thane,Soybean,Kharif,16.1,33.76,195735,268156.95,1.37
2026,2026-08-19,Thane,Cotton,Kharif,42.7,33.1,208187,93684.15,0.45
2026,2026-08-20,Thane,Cotton,Kharif,16.7,36.16,208187,93684.15,0.45
2026,2026-08-21,Thane,Cotton,Kharif,59.4,36.0,208187,93684.15,0.45
2026,2026-08-22,Thane,Cotton,Kharif,1.9,31.71,208187,93684.15,0.45
2026,2026-08-23,Thane,Cotton,Kharif,42.9,36.84,208187,93684.15,0.45
2026,2026-08-24,Thane,Cotton,Kharif,20.4,34.9,208187,93684.15,0.45
2026,2026-08-25,Thane,Cotton,Kharif,38.0,36.06,208187,93684.15,0.45
2026,2026-08-26,Thane,Cotton,Kharif,30.4,35.34,208187,93684.15,0.45
2026,2026-08-27,Thane,Cotton,Kharif,12.2,33.71,208187,93684.15,0.45
2026,2026-08-28,Thane,Cotton,Kharif,45.4,35.51,208187,93684.15,0.45
2026,2026-08-29,Thane,Cotton,Kharif,3.5,36.91,208187,93684.15,0.45
2026,2026-08-30,Thane,Cotton,Kharif,58.3,32.74,208187,93684.15,0.45
2026,2026-08-31,Thane,Cotton,Kharif,27.5,35.97,208187,93684.15,0.45
2026,2026-09-01,Thane,Cotton,Kharif,25.0,34.36,208187,93684.15,0.45
2026,2026-09-02,Thane,Cotton,Kharif,24.2,34.04,208187,93684.15,0.45
2026,2026-09-03,Thane,Cotton,Kharif,19.9,33.76,208187,93684.15,0.45
2026,2026-08-19,Thane,Sugarcane,Kharif,19.9,33.1,90935,8196880.9,90.14
2026,2026-08-20,Thane,Sugarcane,Kharif,1.9,36.16,90935,8196880.9,90.14
2026,2026-08-21,Thane,Sugarcane,Kharif,19.1,36.0,90935,8196880.9,90.14
2026,2026-08-22,Thane,Sugarcane,Kharif,0.0,31.71,90935,8196880.9,90.14
2026,2026-08-23,Thane,Sugarcane,Kharif,1.9,36.84,90935,8196880.9,90.14
2026,2026-08-24,Thane,Sugarcane,Kharif,47.3,34.9,90935,8196880.9,90.14
2026,2026-08-25,Thane,Sugarcane,Kharif,0.4,36.06,90935,8196880.9,90.14
2026,2026-08-26,Thane,Sugarcane,Kharif,1.5,35.34,90935,8196880.9,90.14
2026,2026-08-27,Thane,Sugarcane,Kharif,0.5,33.71,90935,8196880.9,90.14
2026,2026-08-28,Thane,Sugarcane,Kharif,8.5,35.51,90935,8196880.9,90.14
2026,2026-08-29,Thane,Sugarcane,Kharif,0.0,36.91,90935,8196880.9,90.14
2026,2026-08-30,Thane,Sugarcane,Kharif,1.9,32.74,90935,8196880.9,90.14
2026,2026-08-31,Thane,Sugarcane,Kharif,56.7,35.97,90935,8196880.9,90.14
2026,2026-09-01,Thane,Sugarcane,Kharif,5.6,34.36,90935,8196880.9,90.14
2026,2026-09-02,Thane,Sugarcane,Kharif,17.5,34.04,90935,8196880.9,90.14
2026,2026-09-03,Thane,Sugarcane,Kharif,22.2,33.76,90935,8196880.9,90.14
2026,2026-08-19,Wardha,Maize,Kharif,16.0,28.41,66956,189485.48,2.83
2026,2026-08-20,Wardha,Maize,Kharif,12.1,32.14,66956,189485.48,2.83
2026,2026-08-21,Wardha,Maize,Kharif,1.9,32.24,66956,189485.48,2.83
2026,2026-08-22,Wardha,Maize,Kharif,54.7,28.01,66956,189485.48,2.83
2026,2026-08-23,Wardha,Maize,Kharif,0.0,33.01,66956,189485.48,2.83
2026,2026-08-24,Wardha,Maize,Kharif,2.0,29.42,66956,189485.48,2.83
2026,2026-08-25,Wardha,Maize,Kharif,17.1,30.97,66956,189485.48,2.83
2026,2026-08-26,Wardha,Maize,Kharif,11.7,32.08,66956,189485.48,2.83
2026,2026-08-27,Wardha,Maize,Kharif,2.4,30.92,66956,189485.48,2.83
2026,2026-08-28,Wardha,Maize,Kharif,18.9,29.05,66956,189485.48,2.83
2026,2026-08-29,Wardha,Maize,Kharif,14.6,34.21,66956,189485.48,2.83
2026,2026-08-30,Wardha,Maize,Kharif,16.8,30.43,66956,189485.48,2.83
2026,2026-08-31,Wardha,Maize,Kharif,4.7,30.84,66956,189485.48,2.83
2026,2026-09-01,Wardha,Maize,Kharif,21.7,34.59,66956,189485.48,2.83
2026,2026-09-02,Wardha,Maize,Kharif,1.7,32.07,66956,189485.48,2.83
2026,2026-09-03,Wardha,Maize,Kharif,15.9,35.54,66956,189485.48,2.83
2026,2026-08-19,Wardha,Soybean,Kharif,1.6,28.41,189006,266498.46,1.41
2026,2026-08-20,Wardha,Soybean,Kharif,52.4,32.14,189006,266498.46,1.41
2026,2026-08-21,Wardha,Soybean,Kharif,0.8,32.24,189006,266498.46,1.41
2026,2026-08-22,Wardha,Soybean,Kharif,24.1,28.01,189006,266498.46,1.41
2026,2026-08-23,Wardha,Soybean,Kharif,29.1,33.01,189006,266498.46,1.41
2026,2026-08-24,Wardha,Soybean,Kharif,13.6,29.42,189006,266498.46,1.41
2026,2026-08-25,Wardha,Soybean,Kharif,21.2,30.97,189006,266498.46,1.41
2026,2026-08-26,Wardha,Soybean,Kharif,54.9,32.08,189006,266498.46,1.41
2026,2026-08-27,Wardha,Soybean,Kharif,22.3,30.92,189006,266498.46,1.41
2026,2026-08-28,Wardha,Soybean,Kharif,22.2,29.05,189006,266498.46,1.41
2026,2026-08-29,Wardha,Soybean,Kharif,11.7,34.21,189006,266498.46,1.41
2026,2026-08-30,Wardha,Soybean,Kharif,18.3,30.43,189006,266498.46,1.41
2026,2026-08-31,Wardha,Soybean,Kharif,26.9,30.84,189006,266498.46,1.41
2026,2026-09-01,Wardha,Soybean,Kharif,17.0,34.59,189006,266498.46,1.41
2026,2026-09-02,Wardha,Soybean,Kharif,28.3,32.07,189006,266498.46,1.41
2026,2026-09-03,Wardha,Soybean,Kharif,14.0,35.54,189006,266498.46,1.41
2026,2026-08-19,Wardha,Cotton,Kharif,39.5,28.41,343985,165112.8,0.48
2026,2026-08-20,Wardha,Cotton,Kharif,2.0,32.14,343985,165112.8,0.48
2026,2026-08-21,Wardha,Cotton,Kharif,11.3,32.24,343985,165112.8,0.48
2026,2026-08-22,Wardha,Cotton,Kharif,5.2,28.01,343985,165112.8,0.48
2026,2026-08-23,Wardha,Cotton,Kharif,0.4,33.01,343985,165112.8,0.48
2026,2026-08-24,Wardha,Cotton,Kharif,5.1,29.42,343985,165112.8,0.48
2026,2026-08-25,Wardha,Cotton,Kharif,0.0,30.97,343985,165112.8,0.48
2026,2026-08-26,Wardha,Cotton,Kharif,12.0,32.08,343985,165112.8,0.48
2026,2026-08-27,Wardha,Cotton,Kharif,1.8,30.92,343985,165112.8,0.48
2026,2026-08-28,Wardha,Cotton,Kharif,0.3,29.05,343985,165112.8,0.48
2026,2026-08-29,Wardha,Cotton,Kharif,3.2,34.21,343985,165112.8,0.48
2026,2026-08-30,Wardha,Cotton,Kharif,1.2,30.43,343985,165112.8,0.48
2026,2026-08-31,Wardha,Cotton,Kharif,0.0,30.84,343985,165112.8,0.48
2026,2026-09-01,Wardha,Cotton,Kharif,4.7,34.59,343985,165112.8,0.48
2026,2026-09-02,Wardha,Cotton,Kharif,12.3,32.07,343985,165112.8,0.48
2026,2026-09-03,Wardha,Cotton,Kharif,9.4,35.54,343985,165112.8,0.48
2026,2026-08-19,Wardha,Sugarcane,Kharif,51.7,28.41,64520,4928682.8,76.39
2026,2026-08-20,Wardha,Sugarcane,Kharif,0.3,32.14,64520,4928682.8,76.39
2026,2026-08-21,Wardha,Sugarcane,Kharif,0.8,32.24,64520,4928682.8,76.39
2026,2026-08-22,Wardha,Sugarcane,Kharif,22.9,28.01,64520,4928682.8,76.39
2026,2026-08-23,Wardha,Sugarcane,Kharif,0.0,33.01,64520,4928682.8,76.39
2026,2026-08-24,Wardha,Sugarcane,Kharif,0.0,29.42,64520,4928682.8,76.39
2026,2026-08-25,Wardha,Sugarcane,Kharif,9.6,30.97,64520,4928682.8,76.39
2026,2026-08-26,Wardha,Sugarcane,Kharif,13.7,32.08,64520,4928682.8,76.39
2026,2026-08-27,Wardha,Sugarcane,Kharif,37.3,30.92,64520,4928682.8,76.39
2026,2026-08-28,Wardha,Sugarcane,Kharif,0.4,29.05,64520,4928682.8,76.39
2026,2026-08-29,Wardha,Sugarcane,Kharif,0.9,34.21,64520,4928682.8,76.39
2026,2026-08-30,Wardha,Sugarcane,Kharif,11.5,30.43,64520,4928682.8,76.39
2026,2026-08-31,Wardha,Sugarcane,Kharif,13.9,30.84,64520,4928682.8,76.39
2026,2026-09-01,Wardha,Sugarcane,Kharif,15.0,34.59,64520,4928682.8,76.39
2026,2026-09-02,Wardha,Sugarcane,Kharif,0.0,32.07,64520,4928682.8,76.39
2026,2026-09-03,Wardha,Sugarcane,Kharif,3.8,35.54,64520,4928682.8,76.39
2026,2026-08-19,Washim,Maize,Kharif,0.0,38.07,108022,337028.64,3.12
2026,2026-08-20,Washim,Maize,Kharif,0.0,36.67,108022,337028.64,3.12
2026,2026-08-21,Washim,Maize,Kharif,28.6,42.5,108022,337028.64,3.12
2026,2026-08-22,Washim,Maize,Kharif,0.0,37.53,108022,337028.64,3.12
2026,2026-08-23,Washim,Maize,Kharif,3.2,41.53,108022,337028.64,3.12
2026,2026-08-24,Washim,Maize,Kharif,43.8,40.35,108022,337028.64,3.12
2026,2026-08-25,Washim,Maize,Kharif,1.1,42.16,108022,337028.64,3.12
2026,2026-08-26,Washim,Maize,Kharif,16.1,41.96,108022,337028.64,3.12
2026,2026-08-27,Washim,Maize,Kharif,2.2,41.89,108022,337028.64,3.12
2026,2026-08-28,Washim,Maize,Kharif,7.4,41.16,108022,337028.64,3.12
2026,2026-08-29,Washim,Maize,Kharif,7.6,43.18,108022,337028.64,3.12
2026,2026-08-30,Washim,Maize,Kharif,1.3,39.18,108022,337028.64,3.12
2026,2026-08-31,Washim,Maize,Kharif,1.7,40.15,108022,337028.64,3.12
2026,2026-09-01,Washim,Maize,Kharif,7.1,43.17,108022,337028.64,3.12
2026,2026-09-02,Washim,Maize,Kharif,45.4,41.06,108022,337028.64,3.12
2026,2026-09-03,Washim,Maize,Kharif,0.0,42.92,108022,337028.64,3.12
2026,2026-08-19,Washim,Soybean,Kharif,1.0,38.07,234741,335679.63,1.43
2026,2026-08-20,Washim,Soybean,Kharif,6.9,36.67,234741,335679.63,1.43
2026,2026-08-21,Washim,Soybean,Kharif,0.0,42.5,234741,335679.63,1.43
2026,2026-08-22,Washim,Soybean,Kharif,17.4,37.53,234741,335679.63,1.43
2026,2026-08-23,Washim,Soybean,Kharif,5.7,41.53,234741,335679.63,1.43
2026,2026-08-24,Washim,Soybean,Kharif,3.8,40.35,234741,335679.63,1.43
2026,2026-08-25,Washim,Soybean,Kharif,3.9,42.16,234741,335679.63,1.43
2026,2026-08-26,Washim,Soybean,Kharif,0.0,41.96,234741,335679.63,1.43
2026,2026-08-27,Washim,Soybean,Kharif,54.9,41.89,234741,335679.63,1.43
2026,2026-08-28,Washim,Soybean,Kharif,15.4,41.16,234741,335679.63,1.43
2026,2026-08-29,Washim,Soybean,Kharif,0.0,43.18,234741,335679.63,1.43
2026,2026-08-30,Washim,Soybean,Kharif,0.0,39.18,234741,335679.63,1.43
2026,2026-08-31,Washim,Soybean,Kharif,7.0,40.15,234741,335679.63,1.43
2026,2026-09-01,Washim,Soybean,Kharif,0.0,43.17,234741,335679.63,1.43
2026,2026-09-02,Washim,Soybean,Kharif,1.3,41.06,234741,335679.63,1.43
2026,2026-09-03,Washim,Soybean,Kharif,17.5,42.92,234741,335679.63,1.43
2026,2026-08-19,Washim,Cotton,Kharif,10.1,38.07,305868,125405.88,0.41
2026,2026-08-20,Washim,Cotton,Kharif,43.8,36.67,305868,125405.88,0.41
2026,2026-08-21,Washim,Cotton,Kharif,42.0,42.5,305868,125405.88,0.41
2026,2026-08-22,Washim,Cotton,Kharif,2.0,37.53,305868,125405.88,0.41
2026,2026-08-23,Washim,Cotton,Kharif,2.5,41.53,305868,125405.88,0.41
2026,2026-08-24,Washim,Cotton,Kharif,8.5,40.35,305868,125405.88,0.41
2026,2026-08-25,Washim,Cotton,Kharif,12.3,42.16,305868,125405.88,0.41
2026,2026-08-26,Washim,Cotton,Kharif,53.8,41.96,305868,125405.88,0.41
2026,2026-08-27,Washim,Cotton,Kharif,14.9,41.89,305868,125405.88,0.41
2026,2026-08-28,Washim,Cotton,Kharif,17.6,41.16,305868,125405.88,0.41
2026,2026-08-29,Washim,Cotton,Kharif,16.4,43.18,305868,125405.88,0.41
2026,2026-08-30,Washim,Cotton,Kharif,40.4,39.18,305868,125405.88,0.41
2026,2026-08-31,Washim,Cotton,Kharif,24.5,40.15,305868,125405.88,0.41
2026,2026-09-01,Washim,Cotton,Kharif,1.6,43.17,305868,125405.88,0.41
2026,2026-09-02,Washim,Cotton,Kharif,23.1,41.06,305868,125405.88,0.41
2026,2026-09-03,Washim,Cotton,Kharif,1.0,42.92,305868,125405.88,0.41
2026,2026-08-19,Washim,Sugarcane,Kharif,10.5,38.07,83318,6557959.78,78.71
2026,2026-08-20,Washim,Sugarcane,Kharif,53.3,36.67,83318,6557959.78,78.71
2026,2026-08-21,Washim,Sugarcane,Kharif,15.7,42.5,83318,6557959.78,78.71
2026,2026-08-22,Washim,Sugarcane,Kharif,55.6,37.53,83318,6557959.78,78.71
2026,2026-08-23,Washim,Sugarcane,Kharif,51.9,41.53,83318,6557959.78,78.71
2026,2026-08-24,Washim,Sugarcane,Kharif,1.4,40.35,83318,6557959.78,78.71
2026,2026-08-25,Washim,Sugarcane,Kharif,10.6,42.16,83318,6557959.78,78.71
2026,2026-08-26,Washim,Sugarcane,Kharif,14.3,41.96,83318,6557959.78,78.71
2026,2026-08-27,Washim,Sugarcane,Kharif,52.2,41.89,83318,6557959.78,78.71
2026,2026-08-28,Washim,Sugarcane,Kharif,14.9,41.16,83318,6557959.78,78.71
2026,2026-08-29,Washim,Sugarcane,Kharif,0.9,43.18,83318,6557959.78,78.71
2026,2026-08-30,Washim,Sugarcane,Kharif,1.0,39.18,83318,6557959.78,78.71
2026,2026-08-31,Washim,Sugarcane,Kharif,11.0,40.15,83318,6557959.78,78.71
2026,2026-09-01,Washim,Sugarcane,Kharif,24.7,43.17,83318,6557959.78,78.71
2026,2026-09-02,Washim,Sugarcane,Kharif,43.0,41.06,83318,6557959.78,78.71
2026,2026-09-03,Washim,Sugarcane,Kharif,13.8,42.92,83318,6557959.78,78.71
2026,2026-08-19,Yavatmal,Maize,Kharif,0.3,26.51,98822,322159.72,3.26
2026,2026-08-20,Yavatmal,Maize,Kharif,20.7,25.85,98822,322159.72,3.26
2026,2026-08-21,Yavatmal,Maize,Kharif,1.2,27.75,98822,322159.72,3.26
2026,2026-08-22,Yavatmal,Maize,Kharif,15.8,25.23,98822,322159.72,3.26
2026,2026-08-23,Yavatmal,Maize,Kharif,21.0,27.44,98822,322159.72,3.26
2026,2026-08-24,Yavatmal,Maize,Kharif,1.4,24.82,98822,322159.72,3.26
2026,2026-08-25,Yavatmal,Maize,Kharif,13.9,24.68,98822,322159.72,3.26
2026,2026-08-26,Yavatmal,Maize,Kharif,16.9,23.86,98822,322159.72,3.26
2026,2026-08-27,Yavatmal,Maize,Kharif,9.9,24.27,98822,322159.72,3.26
2026,2026-08-28,Yavatmal,Maize,Kharif,15.3,23.8,98822,322159.72,3.26
2026,2026-08-29,Yavatmal,Maize,Kharif,15.9,26.28,98822,322159.72,3.26
2026,2026-08-30,Yavatmal,Maize,Kharif,15.5,27.61,98822,322159.72,3.26
2026,2026-08-31,Yavatmal,Maize,Kharif,5.0,24.12,98822,322159.72,3.26
2026,2026-09-01,Yavatmal,Maize,Kharif,7.7,24.28,98822,322159.72,3.26
2026,2026-09-02,Yavatmal,Maize,Kharif,8.7,25.86,98822,322159.72,3.26
2026,2026-09-03,Yavatmal,Maize,Kharif,9.2,27.27,98822,322159.72,3.26
2026,2026-08-19,Yavatmal,Soybean,Kharif,0.0,26.51,171726,206071.2,1.2
2026,2026-08-20,Yavatmal,Soybean,Kharif,14.8,25.85,171726,206071.2,1.2
2026,2026-08-21,Yavatmal,Soybean,Kharif,29.2,27.75,171726,206071.2,1.2
2026,2026-08-22,Yavatmal,Soybean,Kharif,46.7,25.23,171726,206071.2,1.2
2026,2026-08-23,Yavatmal,Soybean,Kharif,30.0,27.44,171726,206071.2,1.2
2026,2026-08-24,Yavatmal,Soybean,Kharif,17.0,24.82,171726,206071.2,1.2
2026,2026-08-25,Yavatmal,Soybean,Kharif,10.6,24.68,171726,206071.2,1.2
2026,2026-08-26,Yavatmal,Soybean,Kharif,26.4,23.86,171726,206071.2,1.2
2026,2026-08-27,Yavatmal,Soybean,Kharif,44.8,24.27,171726,206071.2,1.2
2026,2026-08-28,Yavatmal,Soybean,Kharif,10.8,23.8,171726,206071.2,1.2
2026,2026-08-29,Yavatmal,Soybean,Kharif,23.3,26.28,171726,206071.2,1.2
2026,2026-08-30,Yavatmal,Soybean,Kharif,3.2,27.61,171726,206071.2,1.2
2026,2026-08-31,Yavatmal,Soybean,Kharif,1.0,24.12,171726,206071.2,1.2
2026,2026-09-01,Yavatmal,Soybean,Kharif,14.5,24.28,171726,206071.2,1.2
2026,2026-09-02,Yavatmal,Soybean,Kharif,20.4,25.86,171726,206071.2,1.2
2026,2026-09-03,Yavatmal,Soybean,Kharif,21.9,27.27,171726,206071.2,1.2
2026,2026-08-19,Yavatmal,Cotton,Kharif,24.0,26.51,213982,96291.9,0.45
2026,2026-08-20,Yavatmal,Cotton,Kharif,13.0,25.85,213982,96291.9,0.45
2026,2026-08-21,Yavatmal,Cotton,Kharif,9.9,27.75,213982,96291.9,0.45
2026,2026-08-22,Yavatmal,Cotton,Kharif,11.8,25.23,213982,96291.9,0.45
2026,2026-08-23,Yavatmal,Cotton,Kharif,27.1,27.44,213982,96291.9,0.45
2026,2026-08-24,Yavatmal,Cotton,Kharif,44.6,24.82,213982,96291.9,0.45
2026,2026-08-25,Yavatmal,Cotton,Kharif,25.5,24.68,213982,96291.9,0.45
2026,2026-08-26,Yavatmal,Cotton,Kharif,11.5,23.86,213982,96291.9,0.45
2026,2026-08-27,Yavatmal,Cotton,Kharif,23.7,24.27,213982,96291.9,0.45
2026,2026-08-28,Yavatmal,Cotton,Kharif,11.6,23.8,213982,96291.9,0.45
2026,2026-08-29,Yavatmal,Cotton,Kharif,37.7,26.28,213982,96291.9,0.45
2026,2026-08-30,Yavatmal,Cotton,Kharif,30.0,27.61,213982,96291.9,0.45
2026,2026-08-31,Yavatmal,Cotton,Kharif,13.9,24.12,213982,96291.9,0.45
2026,2026-09-01,Yavatmal,Cotton,Kharif,16.5,24.28,213982,96291.9,0.45
2026,2026-09-02,Yavatmal,Cotton,Kharif,30.3,25.86,213982,96291.9,0.45
2026,2026-09-03,Yavatmal,Cotton,Kharif,0.2,27.27,213982,96291.9,0.45
2026,2026-08-19,Yavatmal,Sugarcane,Kharif,39.2,26.51,60438,5059869.36,83.72
2026,2026-08-20,Yavatmal,Sugarcane,Kharif,9.5,25.85,60438,5059869.36,83.72
2026,2026-08-21,Yavatmal,Sugarcane,Kharif,1.6,27.75,60438,5059869.36,83.72
2026,2026-08-22,Yavatmal,Sugarcane,Kharif,57.6,25.23,60438,5059869.36,83.72
2026,2026-08-23,Yavatmal,Sugarcane,Kharif,21.7,27.44,60438,5059869.36,83.72
2026,2026-08-24,Yavatmal,Sugarcane,Kharif,0.3,24.82,60438,5059869.36,83.72
2026,2026-08-25,Yavatmal,Sugarcane,Kharif,1.1,24.68,60438,5059869.36,83.72
2026,2026-08-26,Yavatmal,Sugarcane,Kharif,16.6,23.86,60438,5059869.36,83.72
2026,2026-08-27,Yavatmal,Sugarcane,Kharif,18.8,24.27,60438,5059869.36,83.72
2026,2026-08-28,Yavatmal,Sugarcane,Kharif,5.3,23.8,60438,5059869.36,83.72
2026,2026-08-29,Yavatmal,Sugarcane,Kharif,13.7,26.28,60438,5059869.36,83.72
2026,2026-08-30,Yavatmal,Sugarcane,Kharif,45.9,27.61,60438,5059869.36,83.72
2026,2026-08-31,Yavatmal,Sugarcane,Kharif,43.6,24.12,60438,5059869.36,83.72
2026,2026-09-01,Yavatmal,Sugarcane,Kharif,0.0,24.28,60438,5059869.36,83.72
2026,2026-09-02,Yavatmal,Sugarcane,Kharif,45.1,25.86,60438,5059869.36,83.72
2026,2026-09-03,Yavatmal,Sugarcane,Kharif,0.6,27.27,60438,5059869.36,83.72
